"operation_id","status_id","meter_id","meter_code","meter_cuscode","office_id","rate_type","meter_station","station_id","station_name","billing_val_ft","billing_require_all","billing_require_peak","billing_require_off_peak","billing_require_holiday","billing_unit_all","billing_unit_peak","billing_unit_off_peak","billing_unit_holiday","billing_require_home","billing_unit_use","billing_power_max","billing_power","billing_service","billing_rate_ft","billing_power_factor","billing_adjust","billing_netcost","billing_vat","billing_cost_all","billing_factormultiple","billing_shutdown","billing_decreasedemand","billing_demandremain","billing_filepath","billing_comment","billing_rate_office","billing_correct","billing_rate_type","id","operation_id","status_id","office_bacode","office_id","office_mcode","office_zone","sub_id","sub_mcode","office_wwcode","plant_id","menu_id","calendar_id","yyyymm","thyyyymm","fiscalyyyy","fiscalmm","calendar_lastdate","yyyymmdd","menu_name","main_office","main_soffice","main_shoffice","sub_office","sub_soffice","sub_shoffice","plant_name","calendar_thai_month","calendar_thai_year","status_zone","status_center"
"41665","13490919","1217","d02101","9801020014471395","356","3.2.2","โรงกรองน้ำหนองคาย ต.ในเมือง อ.เมือง จ.หนองคาย","2","โรงกรอง","0.1623","0","152.07","137.77","238.23","71877","29929.23","19915.76","22032.01","535","71877","20214.67","234440.32","312.24","11665.64","0","0","266632.87","18664.3","285297.17","0","0","0","0","../WebScript/Upload/Electric/13490919_384684_10082026155623.jpg","","0","0","0","47081","41665","13490919","1088","355","2290720000","7","355","2290720000","5522020","0","75","363","202607","256907","2569","10","31","20260731","พลังงานไฟฟ้าตามใบแจ้งหนี้","การประปาส่วนภูมิภาคสาขาหนองคาย","กปภ.สาขาหนองคาย","หนองคาย","การประปาส่วนภูมิภาคสาขาหนองคาย","กปภ.สาขาหนองคาย","หนองคาย",,"กรกฎาคม","2569","1","1"
"41665","13490919","1219","d02101","9809020014499802","356","3.2.2","โรงกรองน้ำบ้านหนองบัว อ.เมือง จ.หนองคาย","2","โรงกรอง","0.1623","0","188.43","181.24","202.4","117042","44073.39","31490.12","41478.49","230","117042","25048","374387.02","312.24","18995.92","0","0","418743.18","29312.02","448055.2","0","0","0","0","../WebScript/Upload/Electric/13490919_384685_10082026155829.jpg","","0","0","0","47081","41665","13490919","1088","355","2290720000","7","355","2290720000","5522020","0","75","363","202607","256907","2569","10","31","20260731","พลังงานไฟฟ้าตามใบแจ้งหนี้","การประปาส่วนภูมิภาคสาขาหนองคาย","กปภ.สาขาหนองคาย","หนองคาย","การประปาส่วนภูมิภาคสาขาหนองคาย","กปภ.สาขาหนองคาย","หนองคาย",,"กรกฎาคม","2569","1","1"
"41581","13490835","460","A09102","9810 020005015286","7","2.2.1","สถานีผลิตน้ำแม่วาง ต.บ้านกาด อ.แม่วาง จ.เชียงใหม่","3","แรงสูง","0.1623","0","22.79","22.68","22.79","8814.69","3451.27","2528.82","2834.6","130","8814.69","31612.81","0","312.24","1430.62","0","0","33355.67","2334.9","35690.57","0","0","0","0","../WebScript/Upload/Electric/13490835_381931_31072026113027.jpg","กว. P23.13, OP23.01, H23.13
หักมิเตอร์ย่อย 130.00 หน่วย","0","0","0","43962","41581","13490835","1004","4","2190911000","9","4","2190911000","5511011","0","75","363","202607","256907","2569","10","31","20260731","พลังงานไฟฟ้าตามใบแจ้งหนี้","การประปาส่วนภูมิภาคสาขาเชียงใหม่(ชั้นพิเศษ)","กปภ.สาขาเชียงใหม่(ชั้นพิเศษ)","เชียงใหม่","การประปาส่วนภูมิภาคสาขาเชียงใหม่(ชั้นพิเศษ)","กปภ.สาขาเชียงใหม่(ชั้นพิเศษ)","เชียงใหม่",,"กรกฎาคม","2569","1","1"
"41632","13490886","850","C07301","020006147455","201","3.2.2","แรงต่ำบึงสามพัน","4","แรงต่ำ","0.1623","0","76.97","76.57","76.57","30779","8618.24","9025.02","13136.73","92","30779","10231.62","93760.42","312.24","4995.59","0","0","109299.87","7650.99","116950.86","0","0","0","0","../WebScript/Upload/Electric/13490886_380685_10082026113347.jpg","","0","0","0","45780","41632","13490886","1056","201","2191035000","10","201","2191035000","5512035","0","75","363","202607","256907","2569","10","31","20260731","พลังงานไฟฟ้าตามใบแจ้งหนี้","การประปาส่วนภูมิภาคสาขาหนองไผ่","กปภ.สาขาหนองไผ่","หนองไผ่","การประปาส่วนภูมิภาคสาขาหนองไผ่","กปภ.สาขาหนองไผ่","หนองไผ่",,"กรกฎาคม","2569","1","1"
"41692","13490946","544","H04501","9801020002042610","452","3.2.2","โรงกรองน้ำบางอิน","2","โรงกรอง","0.1623","0","105.63","136.76","130.46","43677.99","19040.64","10543.1","14094.25","650","43677.99","14041.4","143812.42","312.24","7088.94","0","0","165255","11567.85","176822.85","0","0","0","0","../WebScript/Upload/Electric/13490946_380234_27072026094230.jpg","","0","0","0","47902","41692","13490946","1118","451","2390127000","1","451","2390127000","5531027","0","75","363","202607","256907","2569","10","31","20260731","พลังงานไฟฟ้าตามใบแจ้งหนี้","การประปาส่วนภูมิภาคสาขาคลองใหญ่","กปภ.สาขาคลองใหญ่","คลองใหญ่","การประปาส่วนภูมิภาคสาขาคลองใหญ่","กปภ.สาขาคลองใหญ่","คลองใหญ่",,"กรกฎาคม","2569","1","1"
"41692","13490946","2536","H04101","9805020021571507","452","3.2.2","โรงกรองน้ำคลองสะพานหิน","2","โรงกรอง","0.1623","0","27.9","68.38","74.66","15969.99","5132.09","4900.24","5937.66","286","15969.99","3708.75","49690.82","312.24","2591.93","953.19","0","57256.93","4007.99","61264.92","0","0","0","0","../WebScript/Upload/Electric/13490946_380237_10082026092452.jpg","","0","0","0","47902","41692","13490946","1118","451","2390127000","1","451","2390127000","5531027","0","75","363","202607","256907","2569","10","31","20260731","พลังงานไฟฟ้าตามใบแจ้งหนี้","การประปาส่วนภูมิภาคสาขาคลองใหญ่","กปภ.สาขาคลองใหญ่","คลองใหญ่","การประปาส่วนภูมิภาคสาขาคลองใหญ่","กปภ.สาขาคลองใหญ่","คลองใหญ่",,"กรกฎาคม","2569","1","1"
"41780","13491032","3007","6001695111","9029020023434035","758","3.2.2","โรงสูบกรองน้ำแรงสูงโคกเคียน","3","แรงสูง","0.1623","0","94.58","100.57","101.77","44885","16162.91","12870.47","15851.62","103","44885","12572.52","142407.71","312.24","7284.84","1177.47","0","163754.78","11462.83","175217.61","0","0","0","0","../WebScript/Upload/Electric/13491032_384777_11082026131115.jpg","","0","0","0","50697","41780","13491032","1214","757","2590421000","4","757","2590421000","5551022","0","75","363","202607","256907","2569","10","31","20260731","พลังงานไฟฟ้าตามใบแจ้งหนี้","การประปาส่วนภูมิภาคสาขาตะกั่วป่า","กปภ.สาขาตะกั่วป่า","ตะกั่วป่า","การประปาส่วนภูมิภาคสาขาตะกั่วป่า","กปภ.สาขาตะกั่วป่า","ตะกั่วป่า",,"กรกฎาคม","2569","1","1"
"41692","13490946","467","H04501","9806020002056786","452","2.1.1","สำนักงาน","1","สำนักงาน","0.1623","0","7.84","6.98","3.99","1662","993.75","358.54","309.71","360","1662","6496.1","0","312.24","269.74","0","0","7078.08","495.47","7573.55","0","0","0","0","../WebScript/Upload/Electric/13490946_380232_27072026094329.jpg","","0","0","0","47902","41692","13490946","1118","451","2390127000","1","451","2390127000","5531027","0","75","363","202607","256907","2569","10","31","20260731","พลังงานไฟฟ้าตามใบแจ้งหนี้","การประปาส่วนภูมิภาคสาขาคลองใหญ่","กปภ.สาขาคลองใหญ่","คลองใหญ่","การประปาส่วนภูมิภาคสาขาคลองใหญ่","กปภ.สาขาคลองใหญ่","คลองใหญ่",,"กรกฎาคม","2569","1","1"
"41630","13490884","1067","C09101","9802020006412352","196","3.2.2","สถานีผลิตจ่ายน้ำห้วยขอนแก่น ( แรงต่ำ )","4","แรงต่ำ","0.1623","0","72.13","72.13","71.48","49319.86","18245.76","14981.76","16092.34","0","49464.29","9588.24","157246.06","312.24","8004.61","280.35","-21.27","175410.23","12278.72","187688.95","0","100","0.15","0","../WebScript/Upload/Electric/13490884_380107_03082026142026.jpg","","0","0","0","45720","41630","13490884","1054","195","2191033000","10","195","2191033000","5512033","0","75","363","202607","256907","2569","10","31","20260731","พลังงานไฟฟ้าตามใบแจ้งหนี้","การประปาส่วนภูมิภาคสาขาหล่มสัก","กปภ.สาขาหล่มสัก","หล่มสัก","การประปาส่วนภูมิภาคสาขาหล่มสัก","กปภ.สาขาหล่มสัก","หล่มสัก",,"กรกฎาคม","2569","1","1"
"41650","13490904","1185","F11201","9087020013361320","283","3.2.2","โรงสูบน้ำแรงสูงหน่วยบริการเกษตรสมบูรณ์","3","แรงสูง","0.1623","0","54.92","53.94","54.43","32506.28","12621.76","9331.67","10552","97","32506.28","7300.52","104581.5","312.24","5275.77","112.14","0","117582.17","8230.75","125812.92","0","0","0","0","../WebScript/Upload/Electric/13490904_381860_05082026140749.jpg","","0","0","0","46468","41650","13490904","1076","281","2290627000","6","281","2290627000","5521027","0","75","363","202607","256907","2569","10","31","20260731","พลังงานไฟฟ้าตามใบแจ้งหนี้","การประปาส่วนภูมิภาคสาขาหนองบัวแดง","กปภ.สาขาหนองบัวแดง","หนองบัวแดง","การประปาส่วนภูมิภาคสาขาหนองบัวแดง","กปภ.สาขาหนองบัวแดง","หนองบัวแดง",,"กรกฎาคม","2569","1","1"
"41630","13490884","1065","C09101","9023 020006412410","196","3.2.2","สถานีผลิตน้ำห้วยขอนแก่น ( แรงสูง )","3","แรงสูง","0.1623","0","192.8","186","192.4","0","33776","24256","32792","0","92004","25628.9","289851.29","312.24","14740.74","0","-57.16","330476.01","23133.32","353609.33","0","100","0.43","0","../WebScript/Upload/Electric/13490884_380105_03082026141332.jpg","","0","0","0","45720","41630","13490884","1054","195","2191033000","10","195","2191033000","5512033","0","75","363","202607","256907","2569","10","31","20260731","พลังงานไฟฟ้าตามใบแจ้งหนี้","การประปาส่วนภูมิภาคสาขาหล่มสัก","กปภ.สาขาหล่มสัก","หล่มสัก","การประปาส่วนภูมิภาคสาขาหล่มสัก","กปภ.สาขาหล่มสัก","หล่มสัก",,"กรกฎาคม","2569","1","1"
"41742","13490996","139","23070174","9810 020014006101","632","3.2.2","โรงกรองน้ำ พิมาย","2","โรงกรอง","0.1623","0","51.78","53.92","53.38","13271.94","3717.94","5675.85","3878.15","1642","13271.94","6883.12","40431.21","312.24","2154.04","0","0","49780.61","3484.64","53265.25","0","0","0","0","../WebScript/Upload/Electric/13490996_379527_03082026144208.jpg","","0","0","0","49556","41742","13490996","1174","631","2490237000","2","631","2490237000","5541035","0","75","363","202607","256907","2569","10","31","20260731","พลังงานไฟฟ้าตามใบแจ้งหนี้","การประปาส่วนภูมิภาคสาขาพิมาย","กปภ.สาขาพิมาย","พิมาย","การประปาส่วนภูมิภาคสาขาพิมาย","กปภ.สาขาพิมาย","พิมาย",,"กรกฎาคม","2569","1","1"
"41581","13490835","2274","A11101","9805 020020207736","5","3.2.2","สถานีเพิ่มแรงดันสันทราย","8","สถานีปรับแรงดัน","0.1623","0","138.88","138.31","138.96","39702.48","14753.28","11864.64","13084.56","0","39702.48","18461.32","126686.48","312.24","6443.71","0","-1044.83","150858.92","10560.12","161419.04","0","2526","7.86","0","../WebScript/Upload/Electric/13490835_381919_31072026112223.jpg","ไฟดับ 2,526 นาที ลด 7.86 กิโลวัตต์","0","0","0","43962","41581","13490835","1004","4","2190911000","9","4","2190911000","5511011","0","75","363","202607","256907","2569","10","31","20260731","พลังงานไฟฟ้าตามใบแจ้งหนี้","การประปาส่วนภูมิภาคสาขาเชียงใหม่(ชั้นพิเศษ)","กปภ.สาขาเชียงใหม่(ชั้นพิเศษ)","เชียงใหม่","การประปาส่วนภูมิภาคสาขาเชียงใหม่(ชั้นพิเศษ)","กปภ.สาขาเชียงใหม่(ชั้นพิเศษ)","เชียงใหม่",,"กรกฎาคม","2569","1","1"
"41811","13491062","425","L08101","9824020007988785","859","3.2.2","สถานีผลิตน้ำบ้านศาลาอูมา (แม่ข่าย)","10","แรงต่ำ-แรงสูง","0.1623","0","72.13","99.33","93.42","34683","13421.48","9850.3","11411.22","513","34683","9588.24","111512.75","312.24","5629.05","448.56","0","127490.84","8924.36","136415.2","0","0","0","0","../WebScript/Upload/Electric/13491062_381491_07082026135344.jpg","22= 34683.00*0.95","32948.85","0","0","51618","41811","13491062","1243","858","2590528000","5","858","2590528000","5552029","0","75","363","202607","256907","2569","10","31","20260731","พลังงานไฟฟ้าตามใบแจ้งหนี้","การประปาส่วนภูมิภาคสาขาสุไหงโก-ลก","กปภ.สาขาสุไหงโก-ลก","สุไหงโก-ลก","การประปาส่วนภูมิภาคสาขาสุไหงโก-ลก","กปภ.สาขาสุไหงโก-ลก","สุไหงโก-ลก",,"กรกฎาคม","2569","1","1"
"41581","13490835","2061","A11101","9804 020019196582","5","3.2.2","สถานีผลิตน้ำแม่แฝก ต.แม่แฝก อ.สันทราย จ.เชียงใหม่ ","2","โรงกรอง","0.1623","0","290.21","347.06","299.19","125659","45476.59","36022.25","44160.16","341","125659","38577.62","399040.45","312.24","20394.46","0","-681.93","457642.84","32035","489677.84","0","789","5.13","0","../WebScript/Upload/Electric/13490835_381914_07082026104151.jpg","กว. P291.00, OP348.00, H300.00
หักมิเตอร์ย่อย 341.00 หน่วย
ไฟดับ 789 นาที ลด 5.13 กิโลวัตต์","0","0","0","43962","41581","13490835","1004","4","2190911000","9","4","2190911000","5511011","0","75","363","202607","256907","2569","10","31","20260731","พลังงานไฟฟ้าตามใบแจ้งหนี้","การประปาส่วนภูมิภาคสาขาเชียงใหม่(ชั้นพิเศษ)","กปภ.สาขาเชียงใหม่(ชั้นพิเศษ)","เชียงใหม่","การประปาส่วนภูมิภาคสาขาเชียงใหม่(ชั้นพิเศษ)","กปภ.สาขาเชียงใหม่(ชั้นพิเศษ)","เชียงใหม่",,"กรกฎาคม","2569","1","1"
"41605","13490859","622","A08101","9802020005769926","79","3.2.2","โรงสูบแรงสูงแม่สาย","3","แรงสูง","0.1623","0","123.57","98.77","132.62","41151","13623.87","14296.79","13230.34","677","41151","16426.16","128673.3","312.24","6678.81","953.19","0","153043.7","10713.06","163756.76","0","0","0","0","../WebScript/Upload/Electric/13490859_380415_05082026160703.jpg","","0","0","0","44709","41605","13490859","1028","78","2190935000","9","78","2190935000","5511036","0","75","363","202607","256907","2569","10","31","20260731","พลังงานไฟฟ้าตามใบแจ้งหนี้","การประปาส่วนภูมิภาคสาขาแม่สาย","กปภ.สาขาแม่สาย","แม่สาย","การประปาส่วนภูมิภาคสาขาแม่สาย","กปภ.สาขาแม่สาย","แม่สาย",,"กรกฎาคม","2569","1","0"
"41581","13490835","447","A01101","9801 020004856258","5","4.2.2","สถานีผลิตน้ำป่าตัน 330 ถ.เชียงใหม่-ลำปาง ต.ป่าตัน อ.เมือง จ.เชียงใหม่ 50300","2","โรงกรอง","0.1623","0","804.39","723.18","777.32","367293.01","154032.96","99079.2","114180.85","12607","367293.01","106927.56","1199723.67","312.24","59611.66","0","0","1366575.13","95660.26","1462235.39","0","0","0","0","../WebScript/Upload/Electric/13490835_381903_31072026105928.jpg","กว. P832.00, OP748.00, H804.00
หักมิเตอร์ย่อย 12,607.00 หน่วย","0","0","0","43962","41581","13490835","1004","4","2190911000","9","4","2190911000","5511011","0","75","363","202607","256907","2569","10","31","20260731","พลังงานไฟฟ้าตามใบแจ้งหนี้","การประปาส่วนภูมิภาคสาขาเชียงใหม่(ชั้นพิเศษ)","กปภ.สาขาเชียงใหม่(ชั้นพิเศษ)","เชียงใหม่","การประปาส่วนภูมิภาคสาขาเชียงใหม่(ชั้นพิเศษ)","กปภ.สาขาเชียงใหม่(ชั้นพิเศษ)","เชียงใหม่",,"กรกฎาคม","2569","1","1"
"41710","13490964","1788","27704073","9807 020013132347","513","3.1.2","แรงสูงละหานทราย","11","สำนักงาน-แรงสูง-บ้านพัก","0.1623","0","49.38","46.02","39.8","20175.88","8941.36","5397.77","5836.75","428","20175.88","9691.32","63495.51","312.24","3274.55","0","0","76773.62","5374.15","82147.77","0","0","0","0","../WebScript/Upload/Electric/13490964_385203_17082026111503.jpg","","4035.18","0","0","48497","41710","13490964","1140","513","2390826000","8","513","2390826000","5532023","0","75","363","202607","256907","2569","10","31","20260731","พลังงานไฟฟ้าตามใบแจ้งหนี้","การประปาส่วนภูมิภาคสาขาละหานทราย","กปภ.สาขาละหานทราย","ละหานทราย","การประปาส่วนภูมิภาคสาขาละหานทราย","กปภ.สาขาละหานทราย","ละหานทราย",,"กรกฎาคม","2569","1","0"
"41605","13490859","1562","A08101","9802020005763480","79","3.2.2","โรงสูบแรงสูงเกาะช้าง","3","แรงสูง","0.1623","0","85.72","86.51","86.91","29326","10285.93","9226.38","9813.69","234","29326","11394.76","92609.93","312.24","4759.61","0","0","109076.54","7635.36","116711.9","0","0","0","0","../WebScript/Upload/Electric/13490859_380423_05082026162206.jpg","","0","0","0","44709","41605","13490859","1028","78","2190935000","9","78","2190935000","5511036","0","75","363","202607","256907","2569","10","31","20260731","พลังงานไฟฟ้าตามใบแจ้งหนี้","การประปาส่วนภูมิภาคสาขาแม่สาย","กปภ.สาขาแม่สาย","แม่สาย","การประปาส่วนภูมิภาคสาขาแม่สาย","กปภ.สาขาแม่สาย","แม่สาย",,"กรกฎาคม","2569","1","0"
"41581","13490835","449","A15101","9822 020004502237","5","4.2.2","สถานีผลิตน้ำอุโมงค์ ถ.คันคลองชลประทาน ต.สุเทพ อ.เมือง จ.เชียงใหม่","2","โรงกรอง","0.1623","0","613.06","554.67","563.43","249252.93","96016.97","74589.04","78646.92","6887.08","249252.93","81494.07","800705.84","312.24","40453.75","0","0","922965.9","64607.61","987573.51","0","0","0","0","../WebScript/Upload/Electric/13490835_381904_31072026110945.jpg","กว. P630.00, OP570.00, H579.00
หักมิเตอร์ย่อย 6,887.08 หน่วย","0","0","0","43962","41581","13490835","1004","4","2190911000","9","4","2190911000","5511011","0","75","363","202607","256907","2569","10","31","20260731","พลังงานไฟฟ้าตามใบแจ้งหนี้","การประปาส่วนภูมิภาคสาขาเชียงใหม่(ชั้นพิเศษ)","กปภ.สาขาเชียงใหม่(ชั้นพิเศษ)","เชียงใหม่","การประปาส่วนภูมิภาคสาขาเชียงใหม่(ชั้นพิเศษ)","กปภ.สาขาเชียงใหม่(ชั้นพิเศษ)","เชียงใหม่",,"กรกฎาคม","2569","1","1"
"41601","13490855","5142","A04101","020005858047","68","2.1.1","สำนักงานการประปาส่วนภูมิภาคสาขาเชียงราย(ประเภท 2.1.1)","1","สำนักงาน","0.1623","0","22.19","16.3","14.52","4093","2408.72","896.19","788.09","602","4093","15997.9","0","312.24","664.29","0","0","16974.43","1188.21","18162.64","0","0","0","0","../WebScript/Upload/Electric/13490855_382236_04082026120335.jpg","1.หักมิเตอร์ย่อยบ้านพัก 602.00 หน่วย
2.หน่วยไฟฟ้าตู้น้ำดื่ม RO  ประจำเดือนกรกฎาคม 69  จำนวน 57.4  หน่วย เดือน มิถุนายน 69  54.9 หน่วย ดังนั้นยอดใช้ไฟเดือน มิถุนายน 69 คือ  2.5   หน่วย
","0","0","0","44603","41601","13490855","1024","68","2190931000","9","68","2190931000","5511032","0","75","363","202607","256907","2569","10","31","20260731","พลังงานไฟฟ้าตามใบแจ้งหนี้","การประปาส่วนภูมิภาคสาขาเชียงราย","กปภ.สาขาเชียงราย","เชียงราย","การประปาส่วนภูมิภาคสาขาเชียงราย","กปภ.สาขาเชียงราย","เชียงราย",,"กรกฎาคม","2569","0","0"
"41669","13490923","1855","D05102","9013020014456671","372","3.1.2","หน่วยบริการกุสุมาลย์","11","สำนักงาน-แรงสูง-บ้านพัก","0.1623","0","21.8","0","0","8568.76","8568.76","0","0","89","8568.76","4278.47","26966.74","312.24","1390.71","0","0","32948.16","2306.37","35254.53","0","0","0","0","../WebScript/Upload/Electric/13490923_381414_04082026142523.jpg","","89","0","0","47200","41669","13490923","1092","369","2290724000","7","369","2290724000","5522024","0","75","363","202607","256907","2569","10","31","20260731","พลังงานไฟฟ้าตามใบแจ้งหนี้","การประปาส่วนภูมิภาคสาขาสกลนคร","กปภ.สาขาสกลนคร","สกลนคร","การประปาส่วนภูมิภาคสาขาสกลนคร","กปภ.สาขาสกลนคร","สกลนคร",,"กรกฎาคม","2569","1","1"
"41637","13490891","1267","D03201","9808020015046575","220","3.2.2","แม่ข่ายน้ำพอง(สำนักงาน)","11","สำนักงาน-แรงสูง-บ้านพัก","0.1623","0","164.7","181.49","168.7","83103.01","26952.11","26600.32","29550.58","49","83103.01","21893.57","258965","312.24","13487.62","0","0","294658.43","20626.09","315284.52","0","0","0","0","../WebScript/Upload/Electric/13490891_385266_19082026003027.jpg","","0","0","0","45939","41637","13490891","1063","219","2290614000","6","219","2290614000","5521014","0","75","363","202607","256907","2569","10","31","20260731","พลังงานไฟฟ้าตามใบแจ้งหนี้","การประปาส่วนภูมิภาคสาขาน้ำพอง","กปภ.สาขาน้ำพอง","น้ำพอง","การประปาส่วนภูมิภาคสาขาน้ำพอง","กปภ.สาขาน้ำพอง","น้ำพอง",,"กรกฎาคม","2569","1","1"
"41601","13490855","728","A04101","020005253488","68","2.1.2","ถังนำใสดอยงำเมือง","7","สถานีจ่ายน้ำ","0.1623","0","0","0","0","145","0","0","0","150","145","471.02","0","33.29","23.53","0","0","527.84","36.95","564.79","0","0","0","0","../WebScript/Upload/Electric/13490855_382227_04082026133313.jpg","หักมิเตอร์ย่อยบ้านพัก 150 หน่วย","0","0","0","44603","41601","13490855","1024","68","2190931000","9","68","2190931000","5511032","0","75","363","202607","256907","2569","10","31","20260731","พลังงานไฟฟ้าตามใบแจ้งหนี้","การประปาส่วนภูมิภาคสาขาเชียงราย","กปภ.สาขาเชียงราย","เชียงราย","การประปาส่วนภูมิภาคสาขาเชียงราย","กปภ.สาขาเชียงราย","เชียงราย",,"กรกฎาคม","2569","0","0"
"41741","13490995","434","27660146","9806 020013185171","630","3.2.2","โรงกรองน้ำสำนักงานประปา","2","โรงกรอง","0.1623","0","122.87","121.44","127.16","38286","12983.45","13397.78","11904.77","4590","38286","16333.11","120201.71","312.24","6213.82","560.7","0","143621.58","10053.51","153675.09","0","0","0","0","../WebScript/Upload/Electric/13490995_384803_11082026152426.jpg","","0","0","0","49533","41741","13490995","1173","629","2490236000","2","629","2490236000","5541034","0","75","363","202607","256907","2569","10","31","20260731","พลังงานไฟฟ้าตามใบแจ้งหนี้","การประปาส่วนภูมิภาคสาขาโชคชัย","กปภ.สาขาโชคชัย","โชคชัย","การประปาส่วนภูมิภาคสาขาโชคชัย","กปภ.สาขาโชคชัย","โชคชัย",,"กรกฎาคม","2569","1","1"
"41741","13490995","1726","27660141","9806 020017613498","630","3.2.2","หน้าทางเข้า โรงกรองน้ำพลับพลา","2","โรงกรอง","0.1623","0","351.15","351.15","351.15","126248","36743.52","48650.85","40853.63","304","126248","46678.37","386774.02","312.24","20490.05","1065.33","0","455320.01","31872.4","487192.41","0","0","0","0","../WebScript/Upload/Electric/13490995_384805_11082026151951.jpg","","0","0","0","49533","41741","13490995","1173","629","2490236000","2","629","2490236000","5541034","0","75","363","202607","256907","2569","10","31","20260731","พลังงานไฟฟ้าตามใบแจ้งหนี้","การประปาส่วนภูมิภาคสาขาโชคชัย","กปภ.สาขาโชคชัย","โชคชัย","การประปาส่วนภูมิภาคสาขาโชคชัย","กปภ.สาขาโชคชัย","โชคชัย",,"กรกฎาคม","2569","1","1"
"41605","13490859","652","A08401","9801020004803034","82","2.1.1","แรงสูงห้วยไคร้","3","แรงสูง","0.1623","0","15.34","15.45","15.23","3795.1","1525.43","1040.92","1228.75","242","3795.1","14833.53","0","312.24","615.94","0","0","15761.71","1103.32","16865.03","0","0","0","0","../WebScript/Upload/Electric/13490859_380434_05082026162109.jpg","","0","0","0","44709","41605","13490859","1028","78","2190935000","9","78","2190935000","5511036","0","75","363","202607","256907","2569","10","31","20260731","พลังงานไฟฟ้าตามใบแจ้งหนี้","การประปาส่วนภูมิภาคสาขาแม่สาย","กปภ.สาขาแม่สาย","แม่สาย","การประปาส่วนภูมิภาคสาขาแม่สาย","กปภ.สาขาแม่สาย","แม่สาย",,"กรกฎาคม","2569","1","0"
"41721","13490975","117","23075772","GBMO9805 020000815658","566","2.1.1","โรงกรองน้ำ บ้านหมอ","2","โรงกรอง","0.1623","0","2.08","19.92","19.21","561.5","135.29","258.75","167.46","32","561.5","2194.68","0","312.24","91.13","0","0","2598.05","181.86","2779.91","0","0","0","0","../WebScript/Upload/Electric/13490975_380617_03082026131043.jpg","","0","0","0","48934","41721","13490975","1151","565","2490214000","2","565","2490214000","5541014","0","75","363","202607","256907","2569","10","31","20260731","พลังงานไฟฟ้าตามใบแจ้งหนี้","การประปาส่วนภูมิภาคสาขาบ้านหมอ","กปภ.สาขาบ้านหมอ","บ้านหมอ","การประปาส่วนภูมิภาคสาขาบ้านหมอ","กปภ.สาขาบ้านหมอ","บ้านหมอ",,"กรกฎาคม","2569","1","1"
"41583","13490837","205","A01301","9802020004905091","10","3.2.2","โรงสูบน้ำแรงสูง กปภ.สาขาสันกำแพง","3","แรงสูง","0.1623","0","28.24","16.8","8.58","4197","2624.02","872.29","700.69","499","4197","3753.94","15074.21","312.24","681.17","0","0","19821.56","1387.51","21209.07","0","0","0","0","../WebScript/Upload/Electric/13490837_382070_03082026085120.jpg","","0","0","0","44021","41583","13490837","1006","10","2190913000","9","10","2190913000","5511013","0","75","363","202607","256907","2569","10","31","20260731","พลังงานไฟฟ้าตามใบแจ้งหนี้","การประปาส่วนภูมิภาคสาขาสันกำแพง","กปภ.สาขาสันกำแพง","สันกำแพง","การประปาส่วนภูมิภาคสาขาสันกำแพง","กปภ.สาขาสันกำแพง","สันกำแพง",,"กรกฎาคม","2569","1","1"
"41759","13491011","421","I07202","9011020003336956","685","3.2.2","สถานีจ่ายน้ำทุ่งคอก","11","สำนักงาน-แรงสูง-บ้านพัก","0.1623","0","89.85","90.56","90.56","5712","2246.29","1390.56","2075.15","696","5712","11943.76","18421.92","312.24","927.06","0","0","31604.98","2212.35","33817.33","0","0","0","0","../WebScript/Upload/Electric/13491011_381503_11082026145038.jpg","","696","0","0","50022","41759","13491011","1192","683","2490324000","3","683","2490324000","5542023","0","75","363","202607","256907","2569","10","31","20260731","พลังงานไฟฟ้าตามใบแจ้งหนี้","การประปาส่วนภูมิภาคสาขาอู่ทอง","กปภ.สาขาอู่ทอง","อู่ทอง","การประปาส่วนภูมิภาคสาขาอู่ทอง","กปภ.สาขาอู่ทอง","อู่ทอง",,"กรกฎาคม","2569","1","1"
"41762","13491014","560","I03301","9806020003215167","695","3.2.2","การประปาส่วนภูมิภาคสาขาพนมทวน","5","สำนักงาน-แรงสูง","0.1623","0","105.08","85.11","95.1","30970.93","9326.33","11628.25","10016.35","1186","30970.93","13968.28","95376.48","312.24","5026.58","0","0","114683.58","8027.85","122711.43","0","0","0","0","../WebScript/Upload/Electric/13491014_383799_05082026083047.jpg","","0","0","0","50120","41762","13491014","1195","694","2490327000","3","694","2490327000","5542026","0","75","363","202607","256907","2569","10","31","20260731","พลังงานไฟฟ้าตามใบแจ้งหนี้","การประปาส่วนภูมิภาคสาขาพนมทวน","กปภ.สาขาพนมทวน","พนมทวน","การประปาส่วนภูมิภาคสาขาพนมทวน","กปภ.สาขาพนมทวน","พนมทวน",,"กรกฎาคม","2569","1","1"
"41762","13491014","562","I03301","9031020003169832","695","2.1.1","สถานีจ่ายน้ำประปาพนมทวน(ตลาดเขต-รางโพธิ์)","8","สถานีปรับแรงดัน","0.1623","0","10.42","10.15","10.38","139.81","60.3","41.09","38.42","80","139.81","546.46","0","312.24","22.69","0","0","881.39","61.7","943.09","0","0","0","0","../WebScript/Upload/Electric/13491014_383800_05082026083254.jpg","","0","0","0","50120","41762","13491014","1195","694","2490327000","3","694","2490327000","5542026","0","75","363","202607","256907","2569","10","31","20260731","พลังงานไฟฟ้าตามใบแจ้งหนี้","การประปาส่วนภูมิภาคสาขาพนมทวน","กปภ.สาขาพนมทวน","พนมทวน","การประปาส่วนภูมิภาคสาขาพนมทวน","กปภ.สาขาพนมทวน","พนมทวน",,"กรกฎาคม","2569","1","1"
"41640","13490894","1369","D07301","9809020014952212","238","3.2.2","โรงกรองดอนโมง(หนองทุ่ม)","2","โรงกรอง","0.1623","0","129.86","139.88","130.19","91261.27","33831.48","27955.71","29474.08","257.2","91261.27","17262.29","291077.5","312.24","14811.7","784.98","0","324248.71","22697.41","346946.12","0","0","0","0","../WebScript/Upload/Electric/13490894_382141_05082026162243.jpg","","0","0","0","46071","41640","13490894","1066","234","2290617000","6","234","2290617000","5521017","0","75","363","202607","256907","2569","10","31","20260731","พลังงานไฟฟ้าตามใบแจ้งหนี้","การประปาส่วนภูมิภาคสาขาหนองเรือ","กปภ.สาขาหนองเรือ","หนองเรือ","การประปาส่วนภูมิภาคสาขาหนองเรือ","กปภ.สาขาหนองเรือ","หนองเรือ",,"กรกฎาคม","2569","1","1"
"41639","13490893","1321","D03501","9813020016184939","231","3.2.2","แรงสูง สำนักงาน","5","สำนักงาน-แรงสูง","0.1623","0","113.7","115.04","102.27","42771.04","19324.87","10325.05","13121.12","199","42771.04","15114.14","141900.11","3","6941.74","0","0","164268.23","11498.78","175767.01","0","0","0","0","../WebScript/Upload/Electric/13490893_384714_10082026104140.jpg","","0","0","0","46034","41639","13490893","1065","230","2290616000","6","230","2290616000","5521016","0","75","363","202607","256907","2569","10","31","20260731","พลังงานไฟฟ้าตามใบแจ้งหนี้","การประปาส่วนภูมิภาคสาขากระนวน","กปภ.สาขากระนวน","กระนวน","การประปาส่วนภูมิภาคสาขากระนวน","กปภ.สาขากระนวน","กระนวน",,"กรกฎาคม","2569","1","1"
"41831","13491068","1939","I111101","9059020003337656","1015","3.2.2","สถานีจ่ายน้ำนครชัยศรี","7","สถานีจ่ายน้ำ","0.1623","0","364.56","409.23","410.82","189482","65189.53","56135.43","68157.04","542","188940","48460.96","596366.77","312.24","30752.93","0","0","675892.9","47312.5","723205.4","0","0","0","0","../WebScript/Upload/Electric/13491068_384037_05082026125347.jpg","","0","0","0","50344","41831","13491068","1254","1014","2490335000","3","1014","2490335000","5542033","0","75","363","202607","256907","2569","10","31","20260731","พลังงานไฟฟ้าตามใบแจ้งหนี้","การประปาส่วนภูมิภาคสาขานครปฐม","กปภ.สาขานครปฐม","นครปฐม","การประปาส่วนภูมิภาคสาขานครปฐม","กปภ.สาขานครปฐม","นครปฐม",,"กรกฎาคม","2569","1","1"
"41595","13490849","513","0207701","9803020009579897","48","3.2.2","โรงกรองน้ำประปาเด่นชัย","3","แรงสูง","0.1623","0","54.87","50.21","48.34","20702.1","8599.54","5709.01","6393.55","1804","20702.1","7293.87","67491.05","312.24","3359.95","0","0","78457.11","5492","83949.11","0","0","0","0","../WebScript/Upload/Electric/13490849_381837_27072026161533.jpg","","0","0","0","44402","41595","13490849","1018","47","2190925000","9","47","2190925000","5511026","0","75","363","202607","256907","2569","10","31","20260731","พลังงานไฟฟ้าตามใบแจ้งหนี้","การประปาส่วนภูมิภาคสาขาเด่นชัย","กปภ.สาขาเด่นชัย","เด่นชัย","การประปาส่วนภูมิภาคสาขาเด่นชัย","กปภ.สาขาเด่นชัย","เด่นชัย",,"กรกฎาคม","2569","1","0"
"41640","13490894","1360","D07201","9072020014534636","239","3.2.2","โรงกรองน้ำโสกขุมปูน(ใหม่) ภูเวียง","2","โรงกรอง","0.1623","0","42.65","42.45","42.65","26381.5","9794.38","7872.05","8715.07","495","26381.5","5669.46","84166.57","312.24","4281.72","168.21","0","94598.2","6621.87","101220.07","0","0","0","0","../WebScript/Upload/Electric/13490894_382142_05082026160841.jpg","","0","0","0","46071","41640","13490894","1066","234","2290617000","6","234","2290617000","5521017","0","75","363","202607","256907","2569","10","31","20260731","พลังงานไฟฟ้าตามใบแจ้งหนี้","การประปาส่วนภูมิภาคสาขาหนองเรือ","กปภ.สาขาหนองเรือ","หนองเรือ","การประปาส่วนภูมิภาคสาขาหนองเรือ","กปภ.สาขาหนองเรือ","หนองเรือ",,"กรกฎาคม","2569","1","1"
"41671","13490925","1119","D05107","9013020015430765","385","3.2.2","หน่วยบริการพรรณานิคม","2","โรงกรอง","0.1623","0","29.37","29","29.37","14922.76","5772.75","4368.19","4781.82","0","14922.76","3904.15","47976.49","312.24","2421.96","504.63","0","55119.47","3858.36","58977.83","0","60","0","0","../WebScript/Upload/Electric/13490925_383611_05082026134829.jpg","","0","0","0","47298","41671","13490925","1094","382","2290726000","7","382","2290726000","5522026","0","75","363","202607","256907","2569","10","31","20260731","พลังงานไฟฟ้าตามใบแจ้งหนี้","การประปาส่วนภูมิภาคสาขาพังโคน","กปภ.สาขาพังโคน","พังโคน","การประปาส่วนภูมิภาคสาขาพังโคน","กปภ.สาขาพังโคน","พังโคน",,"กรกฎาคม","2569","1","1"
"41696","13490950","693","G04101","9807020000591399","463","3.2.2","สถานีผลิตน้ำบางบริบูรณ์","5","สำนักงาน-แรงสูง","0.1623","0","303.62","289.16","294.95","133188","41870.65","45543.01","45774.34","4992","133188","40360.21","412945.6","312.24","21614.41","0","0","475234.46","33266.41","508500.87","0","0","0","0","../WebScript/Upload/Electric/13490950_384595_07082026150521.jpg","","0","0","0","48007","41696","13490950","1122","462","2390131000","1","462","2390131000","5531031","0","75","363","202607","256907","2569","10","31","20260731","พลังงานไฟฟ้าตามใบแจ้งหนี้","การประปาส่วนภูมิภาคสาขาปราจีนบุรี","กปภ.สาขาปราจีนบุรี","ปราจีนบุรี","การประปาส่วนภูมิภาคสาขาปราจีนบุรี","กปภ.สาขาปราจีนบุรี","ปราจีนบุรี",,"กรกฎาคม","2569","1","1"
"41657","13490911","1712","D08101","9806020015340421","311","3.2.2","โรงกรองน้ำกุมภวาปี1 (แม่ข่ายพันดอน)","3","แรงสูง","0.1623","0","48.89","46.93","39.11","19906","8236.16","5017.56","6652.28","454","19906","6498.95","64844.03","312.24","3230.74","3700.62","0","78586.58","5501.06","84087.64","0","0","0","0","../WebScript/Upload/Electric/13490911_382292_03082026122612.jpg","","0","0","0","46731","41657","13490911","1080","310","2290712000","7","310","2290712000","5522012","0","75","363","202607","256907","2569","10","31","20260731","พลังงานไฟฟ้าตามใบแจ้งหนี้","การประปาส่วนภูมิภาคสาขากุมภวาปี","กปภ.สาขากุมภวาปี","กุมภวาปี","การประปาส่วนภูมิภาคสาขากุมภวาปี","กปภ.สาขากุมภวาปี","กุมภวาปี",,"กรกฎาคม","2569","1","1"
"41696","13490950","1910","G23101","9015020016563932","465","4.2.2","สถานีผลิตน้ำท่าตูม","2","โรงกรอง","0.1623","0","391.26","373.29","365.31","175367","55973.71","57650.53","61742.76","333","175367","52010.19","545052.71","312.24","28462.06","0","0","625837.2","43808.6","669645.8","0","0","0","0","../WebScript/Upload/Electric/13490950_384604_07082026150739.jpg","","0","0","0","48007","41696","13490950","1122","462","2390131000","1","462","2390131000","5531031","0","75","363","202607","256907","2569","10","31","20260731","พลังงานไฟฟ้าตามใบแจ้งหนี้","การประปาส่วนภูมิภาคสาขาปราจีนบุรี","กปภ.สาขาปราจีนบุรี","ปราจีนบุรี","การประปาส่วนภูมิภาคสาขาปราจีนบุรี","กปภ.สาขาปราจีนบุรี","ปราจีนบุรี",,"กรกฎาคม","2569","1","1"
"41605","13490859","637","A08301","9801020005910639","81","3.1.2","แรงสูงเชียงแสน","3","แรงสูง","0.1623","0","30.69","30.69","28.7","15007","5927.07","4213.12","4866.81","53","15007","6023.22","47228.53","312.24","2435.64","0","0","55999.63","3919.97","59919.6","0","0","0","0","../WebScript/Upload/Electric/13490859_380432_05082026161737.jpg","","0","0","0","44709","41605","13490859","1028","78","2190935000","9","78","2190935000","5511036","0","75","363","202607","256907","2569","10","31","20260731","พลังงานไฟฟ้าตามใบแจ้งหนี้","การประปาส่วนภูมิภาคสาขาแม่สาย","กปภ.สาขาแม่สาย","แม่สาย","การประปาส่วนภูมิภาคสาขาแม่สาย","กปภ.สาขาแม่สาย","แม่สาย",,"กรกฎาคม","2569","1","0"
"41827","13503223","308","A11101","9804020004516255","884","3.2.2","หน้าทางเข้าสำนักงาน","1","สำนักงาน","0.1623","0","88.12","65.38","25.58","15612","8982.05","4235.21","2394.74","1964","15612","11713.79","54842.4","312.24","2533.83","112.14","0","69514.4","4866.01","74380.41","0","0","0","0","../WebScript/Upload/Electric/13503223_384734_19082026084337.jpg","","0","0","0","44801","41827","13503223","1003","884","2190990000","9","884","2190990000","5511000","0","75","363","202607","256907","2569","10","31","20260731","พลังงานไฟฟ้าตามใบแจ้งหนี้","สำนักงาน  กปภ.ข. 9","สนง.เขต 9","สนง.ข.9","สำนักงาน  กปภ.ข. 9","สนง.เขต 9","สนง.ข.9",,"กรกฎาคม","2569","0","0"
"41750","13491003","674","23063376","9801020003781526","657","3.2.2","การประปาส่วนภูมิภาคสาขาสมุทรสงคราม","3","แรงสูง","0.1623","0","83.67","97.5","124.47","30004","9819.24","10324.03","9860.73","4708","30004","11122.25","93637.78","312.24","4869.65","0","0","109941.92","7695.93","117637.85","0","0","0","0","../WebScript/Upload/Electric/13491003_384696_10082026101506.jpg","","0","0","0","49819","41750","13491003","1183","657","2490315000","3","657","2490315000","5542015","0","75","363","202607","256907","2569","10","31","20260731","พลังงานไฟฟ้าตามใบแจ้งหนี้","การประปาส่วนภูมิภาคสาขาสมุทรสงคราม","กปภ.สาขาสมุทรสงคราม","สมุทรสงคราม","การประปาส่วนภูมิภาคสาขาสมุทรสงคราม","กปภ.สาขาสมุทรสงคราม","สมุทรสงคราม",,"กรกฎาคม","2569","1","1"
"41634","13490888","1198","D03101","020014999226","210","4.2.2","สถานีสูบน้ำแรงต่ำหนองหิน","4","แรงต่ำ","0.1623","0","930.9","934.89","918.91","568406","177629.37","177309.75","213466.88","674","568406","123744.54","1760648.63","312.24","92252.29","5607","0","1982564.7","138779.53","2121344.23","0","0","0","0","../WebScript/Upload/Electric/13490888_383664_04082026162316.jpg","","0","0","0","45849","41634","13490888","1060","210","2290611000","6","210","2290611000","5521011","0","75","363","202607","256907","2569","10","31","20260731","พลังงานไฟฟ้าตามใบแจ้งหนี้","การประปาส่วนภูมิภาคสาขาขอนแก่น(ชั้นพิเศษ)","กปภ.สาขาขอนแก่น(ชั้นพิเศษ)","ขอนแก่น","การประปาส่วนภูมิภาคสาขาขอนแก่น(ชั้นพิเศษ)","กปภ.สาขาขอนแก่น(ชั้นพิเศษ)","ขอนแก่น",,"กรกฎาคม","2569","1","1"
"41651","13490905","1605","F11101","9028020013520688","284","3.1.2","สำนักงานประปาภูเขียว","1","สำนักงาน","0.1623","0","22.83","18.04","9.04","4241.86","2838.48","818.39","584.99","96","4241.86","4480.62","13349.56","312.24","688.45","0","0","18830.87","1318.16","20149.03","0","0","0","0","../WebScript/Upload/Electric/13490905_383927_05082026101853.jpg","","0","0","0","46504","41651","13490905","1077","284","2290628000","6","284","2290628000","5521028","0","75","363","202607","256907","2569","10","31","20260731","พลังงานไฟฟ้าตามใบแจ้งหนี้","การประปาส่วนภูมิภาคสาขาภูเขียว","กปภ.สาขาภูเขียว","ภูเขียว","การประปาส่วนภูมิภาคสาขาภูเขียว","กปภ.สาขาภูเขียว","ภูเขียว",,"กรกฎาคม","2569","1","1"
"41759","13491011","2323","I07101","0821020020951772","685","3.2.2","ข้างโรงสูบน้ำแรงสูง หน่วยบริการสระยายโสม","11","สำนักงาน-แรงสูง-บ้านพัก","0.1623","0","69.57","68.02","69.18","23099","8822.94","6067.23","8208.83","673","23099","9247.94","74084.88","312.24","3748.97","448.56","0","87842.59","6148.98","93991.57","0","0","0","0","../WebScript/Upload/Electric/13491011_381504_11082026144613.jpg","","673","0","0","50022","41759","13491011","1192","683","2490324000","3","683","2490324000","5542023","0","75","363","202607","256907","2569","10","31","20260731","พลังงานไฟฟ้าตามใบแจ้งหนี้","การประปาส่วนภูมิภาคสาขาอู่ทอง","กปภ.สาขาอู่ทอง","อู่ทอง","การประปาส่วนภูมิภาคสาขาอู่ทอง","กปภ.สาขาอู่ทอง","อู่ทอง",,"กรกฎาคม","2569","1","1"
"41637","13490891","1271","D03203","9051020015703366","219","3.1.2","หน่วยบริการเขาสวนกวาง","7","สถานีจ่ายน้ำ","0.1623","0","24.12","24.61","25.32","12341.36","4983.24","3311.29","4046.83","80","12341.36","4969.3","38839.49","312.24","2003","46.07","0","46180.1","3232.61","49412.71","0","0","0","0","../WebScript/Upload/Electric/13490891_385265_19082026003054.jpg","","0","0","0","45939","41637","13490891","1063","219","2290614000","6","219","2290614000","5521014","0","75","363","202607","256907","2569","10","31","20260731","พลังงานไฟฟ้าตามใบแจ้งหนี้","การประปาส่วนภูมิภาคสาขาน้ำพอง","กปภ.สาขาน้ำพอง","น้ำพอง","การประปาส่วนภูมิภาคสาขาน้ำพอง","กปภ.สาขาน้ำพอง","น้ำพอง",,"กรกฎาคม","2569","1","1"
"41640","13490894","1366","D14201","9071020015967683","237","2.2.1","โรงสูบน้ำแรงสูงบ้านฝาง","3","แรงสูง","0.1623","0","0.55","0.41","0.46","57.22","15.49","21.68","20.05","199","57.22","187.86","0","312.24","9.29","0","0","509.39","35.66","545.05","0","0","0","0","../WebScript/Upload/Electric/13490894_382136_05082026161746.jpg","","0","0","0","46071","41640","13490894","1066","234","2290617000","6","234","2290617000","5521017","0","75","363","202607","256907","2569","10","31","20260731","พลังงานไฟฟ้าตามใบแจ้งหนี้","การประปาส่วนภูมิภาคสาขาหนองเรือ","กปภ.สาขาหนองเรือ","หนองเรือ","การประปาส่วนภูมิภาคสาขาหนองเรือ","กปภ.สาขาหนองเรือ","หนองเรือ",,"กรกฎาคม","2569","1","1"
"41742","13490996","2880","6001694398","9079 020022851149","631","3.2.2","โรงกรองน้ำบ้านขาม","2","โรงกรอง","0.1623","0","75.74","104.44","102.84","45234","16271.17","12588.03","16374.8","158","45234","10068.12","143487.47","312.24","7341.48","0","0","161209.31","11284.65","172493.96","0","0","0","0","../WebScript/Upload/Electric/13490996_379526_03082026142156.jpg","","0","0","0","49556","41742","13490996","1174","631","2490237000","2","631","2490237000","5541035","0","75","363","202607","256907","2569","10","31","20260731","พลังงานไฟฟ้าตามใบแจ้งหนี้","การประปาส่วนภูมิภาคสาขาพิมาย","กปภ.สาขาพิมาย","พิมาย","การประปาส่วนภูมิภาคสาขาพิมาย","กปภ.สาขาพิมาย","พิมาย",,"กรกฎาคม","2569","1","1"
"41671","13490925","1116","D10102","9803020015395590","384","3.2.2","หน่วยบริการวาริชภูมิ","3","แรงสูง","0.1623","0","35.76","38.27","35.78","12211","4549.87","3709.48","3951.65","0","12211","4753.58","38983.48","312.24","1981.85","0","0","46031.15","3222.18","49253.33","0","60","0","0","../WebScript/Upload/Electric/13490925_383608_05082026134015.jpg","","0","0","0","47298","41671","13490925","1094","382","2290726000","7","382","2290726000","5522026","0","75","363","202607","256907","2569","10","31","20260731","พลังงานไฟฟ้าตามใบแจ้งหนี้","การประปาส่วนภูมิภาคสาขาพังโคน","กปภ.สาขาพังโคน","พังโคน","การประปาส่วนภูมิภาคสาขาพังโคน","กปภ.สาขาพังโคน","พังโคน",,"กรกฎาคม","2569","1","1"
"41646","13490900","1155","E04201","9803020010855960","260","3.2.2","แรงสูง สำนักงาน  121ม 5 ต.เมืองเสือ อ.พยัคฆภูมิพิสัย จ.มหาสารคาม 44110","11","สำนักงาน-แรงสูง-บ้านพัก","0.1623","0","91.2","93.58","83.27","41546","16074.39","12045.88","13425.73","366","41546","12123.22","133574.07","312.24","6742.92","0","0","152752.45","10692.67","163445.12","0","0","0","0","../WebScript/Upload/Electric/13490900_381849_27082026233713.jpg","","6321.9","0","0","46300","41646","13490900","1072","259","2290623000","6","259","2290623000","5521023","0","75","363","202607","256907","2569","10","31","20260731","พลังงานไฟฟ้าตามใบแจ้งหนี้","การประปาส่วนภูมิภาคสาขาพยัคฆภูมิพิสัย","กปภ.สาขาพยัคฆภูมิพิสัย","พยัคฆภูมิพิสัย","การประปาส่วนภูมิภาคสาขาพยัคฆภูมิพิสัย","กปภ.สาขาพยัคฆภูมิพิสัย","พยัคฆภูมิพิสัย",,"กรกฎาคม","2569","1","1"
"41673","13490927","1291","23049036","020014657764","395","3.2.2","โรงกรองน้ำบ้านพระกลางทุ่ง  ป.ธาตุพนม","3","แรงสูง","0.1623","0","185.84","181.85","186.63","86466.01","31217.41","24445.93","30802.67","262","86466.01","24703.71","274461.27","312.24","14033.43","841.05","0","314351.7","22004.62","336356.32","0","0","0","0","../WebScript/Upload/Electric/13490927_381439_13082026162854.jpg","","0","0","0","47382","41673","13490927","1096","394","2290728000","7","394","2290728000","5522028","0","75","363","202607","256907","2569","10","31","20260731","พลังงานไฟฟ้าตามใบแจ้งหนี้","การประปาส่วนภูมิภาคสาขาธาตุพนม","กปภ.สาขาธาตุพนม","ธาตุพนม","การประปาส่วนภูมิภาคสาขาธาตุพนม","กปภ.สาขาธาตุพนม","ธาตุพนม",,"กรกฎาคม","2569","1","1"
"41605","13490859","649","A08201","9301020004973059","80","3.2.2","แรงต่ำหน่วยบริการแม่จัน","4","แรงต่ำ","0.1623","0","32.03","30.06","29.86","20023.98","7873.43","5831.99","6318.56","100","20023.98","4257.75","64578.03","312.24","3249.89","336.42","0","72734.33","5091.4","77825.73","0","0","0","0","../WebScript/Upload/Electric/13490859_380430_05082026161956.jpg","","0","0","0","44709","41605","13490859","1028","78","2190935000","9","78","2190935000","5511036","0","75","363","202607","256907","2569","10","31","20260731","พลังงานไฟฟ้าตามใบแจ้งหนี้","การประปาส่วนภูมิภาคสาขาแม่สาย","กปภ.สาขาแม่สาย","แม่สาย","การประปาส่วนภูมิภาคสาขาแม่สาย","กปภ.สาขาแม่สาย","แม่สาย",,"กรกฎาคม","2569","1","0"
"41681","13490935","3346","6000168764","020023018198","422","4.2.2","สถานีผลิตน้ำหนองปลาไหล 2","2","โรงกรอง","0.1623","0","461.36","557.22","557.22","322978.5","128041.01","112253.08","82684.41","451.5","322978.5","61328.58","1043269.52","312.24","52419.41","1121.4","0","1158451.15","81091.58","1239542.73","0","0","0","0","../WebScript/Upload/Electric/13490935_381180_05082026162157.jpg","","0","0","0","47622","41681","13490935","1107","422","2390116000","1","422","2390116000","5531012","0","75","363","202607","256907","2569","10","31","20260731","พลังงานไฟฟ้าตามใบแจ้งหนี้","การประปาส่วนภูมิภาคสาขาพัทยา(ชั้นพิเศษ)","กปภ.สาขาพัทยา(ชั้นพิเศษ)","พัทยา","การประปาส่วนภูมิภาคสาขาพัทยา(ชั้นพิเศษ)","กปภ.สาขาพัทยา(ชั้นพิเศษ)","พัทยา",,"กรกฎาคม","2569","1","1"
"41811","13491062","427","L08101","LSUK9816-020007960634","858","2.1.1","สำนักงาน กปภ.สาขาสุไหงโก-ลก","1","สำนักงาน","0.1623","0","13.86","11.83","5.7","3247.4","1932.11","782.82","532.47","1495","3247.4","12692.79","0","312.24","527.05","0","0","13532.08","947.25","14479.33","0","0","0","0","../WebScript/Upload/Electric/13491062_381477_24072026104742.jpg","","0","0","0","51618","41811","13491062","1243","858","2590528000","5","858","2590528000","5552029","0","75","363","202607","256907","2569","10","31","20260731","พลังงานไฟฟ้าตามใบแจ้งหนี้","การประปาส่วนภูมิภาคสาขาสุไหงโก-ลก","กปภ.สาขาสุไหงโก-ลก","สุไหงโก-ลก","การประปาส่วนภูมิภาคสาขาสุไหงโก-ลก","กปภ.สาขาสุไหงโก-ลก","สุไหงโก-ลก",,"กรกฎาคม","2569","1","1"
"41769","13491021","1074","J02101","9047020004220383","714","3.2.2","สถานีจ่ายน้ำหลักเมือง อ.เมือง จ.ราชบุรี","7","สถานีจ่ายน้ำ","0.1623","0","127","127.79","127.79","54729","21026.41","13930.3","19772.29","431","54729","16882.11","175723.82","312.24","8882.52","448.56","0","202249.25","14157.45","216406.7","0","0","0","0","../WebScript/Upload/Electric/13491021_384137_06082026142824.jpg","","0","0","0","50295","41769","13491021","1249","712","2490334000","3","712","2490334000","5542014","0","75","363","202607","256907","2569","10","31","20260731","พลังงานไฟฟ้าตามใบแจ้งหนี้","การประปาส่วนภูมิภาคสาขาราชบุรี","กปภ.สาขาราชบุรี","ราชบุรี","การประปาส่วนภูมิภาคสาขาราชบุรี","กปภ.สาขาราชบุรี","ราชบุรี",,"กรกฎาคม","2569","1","1"
"41809","13491060","278","L02101","9806020007874265","851","3.2.2","สำนักงาน กปภ.สาขานราธิวาส (สำนักงาน/สถานีผลิตน้ำแม่ข่าย) ติดตั้งก่อนหม้อแปลงไฟฟ้า ","5","สำนักงาน-แรงสูง","0.1623","0","251.64","267.59","249.87","123375.01","50700.36","33882.94","38791.71","1941","123375.01","33450.51","401348.23","312.24","20023.76","0","0","455134.71","31859.43","486994.14","0","0","0","0","../WebScript/Upload/Electric/13491060_384910_17082026102421.jpg","","3876","0","0","51560","41809","13491060","1241","851","2590526000","5","851","2590526000","5552027","0","75","363","202607","256907","2569","10","31","20260731","พลังงานไฟฟ้าตามใบแจ้งหนี้","การประปาส่วนภูมิภาคสาขานราธิวาส","กปภ.สาขานราธิวาส","นราธิวาส","การประปาส่วนภูมิภาคสาขานราธิวาส","กปภ.สาขานราธิวาส","นราธิวาส",,"กรกฎาคม","2569","1","1"
"41700","13490954","2958","E12109","9304 020023237803","1145","3.1.2","หน่วยบริการนาส่วง","10","แรงต่ำ-แรงสูง","0.1623","0","23.66","26.93","27.34","5532.48","2448","1215.84","1868.64","0","5532.48","5365.75","17411.27","312.24","897.92","392.49","-3.93","24375.74","1706.3","26082.04","0","26","0.02","0","../WebScript/Upload/Electric/13490954_385132_16082026110218.jpg","","0","0","0","48134","41700","13490954","1127","476","2390813000","8","476","2390813000","5532013","0","75","363","202607","256907","2569","10","31","20260731","พลังงานไฟฟ้าตามใบแจ้งหนี้","การประปาส่วนภูมิภาคสาขาเดชอุดม","กปภ.สาขาเดชอุดม","เดชอุดม","การประปาส่วนภูมิภาคสาขาเดชอุดม","กปภ.สาขาเดชอุดม","เดชอุดม",,"กรกฎาคม","2569","1","1"
"41612","13490866","2640","27667924","9899 020006713224","109","3.2.2","สถานี ม.ชัยนาท","3","แรงสูง","0.1623","0","181.09","166.79","185.85","77034","30260.8","21754.42","25018.78","558","77034","24072.29","248391.54","312.24","12502.62","0","0","285278.69","19969.51","305248.2","0","0","0","0","../WebScript/Upload/Electric/13490866_382328_14082026163744.jpg","","0","0","0","44970","41612","13490866","1036","108","2191015000","10","108","2191015000","5512015","0","75","363","202607","256907","2569","10","31","20260731","พลังงานไฟฟ้าตามใบแจ้งหนี้","การประปาส่วนภูมิภาคสาขาชัยนาท","กปภ.สาขาชัยนาท","ชัยนาท","การประปาส่วนภูมิภาคสาขาชัยนาท","กปภ.สาขาชัยนาท","ชัยนาท",,"กรกฎาคม","2569","1","1"
"41698","13490952","789","E01101","9808 020012674484","470","4.2.2","กุดลาด","11","สำนักงาน-แรงสูง-บ้านพัก","0.1623","0","415.54","385.58","399.56","214123.99","82509.06","54380.06","77234.87","236","214123.99","55237.73","687895.48","312.24","34752.32","0","0","778197.77","54473.84","832671.61","0","0","0","0","../WebScript/Upload/Electric/13490952_381726_03082026172043.jpg","","0","0","0","48067","41698","13490952","1125","469","2390811000","8","469","2390811000","5532011","0","75","363","202607","256907","2569","10","31","20260731","พลังงานไฟฟ้าตามใบแจ้งหนี้","การประปาส่วนภูมิภาคสาขาอุบลราชธานี","กปภ.สาขาอุบลราชธานี","อุบลราชธานี","การประปาส่วนภูมิภาคสาขาอุบลราชธานี","กปภ.สาขาอุบลราชธานี","อุบลราชธานี",,"กรกฎาคม","2569","1","1"
"41671","13490925","1117","D10102","9803020015395512","384","3.2.2","โรงสูบน้ำแรงต่ำเขื่อนน้ำอูน","4","แรงต่ำ","0.1623","0","15.42","15.42","15.42","10397.47","3792.56","3259.72","3345.19","0","10397.47","2049.78","33064.89","312.24","1687.51","56.07","0","37170.49","2601.93","39772.42","0","60","0","0","../WebScript/Upload/Electric/13490925_383609_05082026091351.jpg","","0","0","0","47298","41671","13490925","1094","382","2290726000","7","382","2290726000","5522026","0","75","363","202607","256907","2569","10","31","20260731","พลังงานไฟฟ้าตามใบแจ้งหนี้","การประปาส่วนภูมิภาคสาขาพังโคน","กปภ.สาขาพังโคน","พังโคน","การประปาส่วนภูมิภาคสาขาพังโคน","กปภ.สาขาพังโคน","พังโคน",,"กรกฎาคม","2569","1","1"
"41717","13490971","765","E02302","9801 020011225376","550","3.2.2","โรงสูบน้ำแรงสูง(บ้านภูสิงห์)","3","แรงสูง","0.1623","0","73.58","74.95","72.54","44730.9","16013.33","14007.85","14709.72","103.3","44730.9","9780.99","141770.11","312.24","7259.83","336.42","0","159459.59","11162.17","170621.76","0","0","0","0","../WebScript/Upload/Electric/13490971_381899_05082026145349.png","","0","0","0","48777","41717","13490971","1246","545","2390833000","8","545","2390833000","5532027","0","75","363","202607","256907","2569","10","31","20260731","พลังงานไฟฟ้าตามใบแจ้งหนี้","การประปาส่วนภูมิภาคสาขาสังขะ","กปภ.สาขาสังขะ","สังขะ","การประปาส่วนภูมิภาคสาขาสังขะ","กปภ.สาขาสังขะ","สังขะ",,"กรกฎาคม","2569","1","0"
"41724","13490978","96","27702683","9805 020006445365","576","3.2.2","สถานีผลิต-จ่ายน้ำโคกเจริญ","2","โรงกรอง","0.1623","0","33.6","32.62","33.48","16851.91","6285.57","4986.57","5579.77","91","16851.91","4466.45","53809.78","312.24","2735.6","0","0","61323.53","4292.65","65616.18","0","0","0","0","../WebScript/Upload/Electric/13490978_382101_03082026100847.jpg","","0","0","0","49017","41724","13490978","1154","573","2490217000","2","573","2490217000","5541017","0","75","363","202607","256907","2569","10","31","20260731","พลังงานไฟฟ้าตามใบแจ้งหนี้","การประปาส่วนภูมิภาคสาขาชัยบาดาล","กปภ.สาขาชัยบาดาล","ชัยบาดาล","การประปาส่วนภูมิภาคสาขาชัยบาดาล","กปภ.สาขาชัยบาดาล","ชัยบาดาล",,"กรกฎาคม","2569","1","1"
"41743","13490997","149","23070941","FPAY9801-020014179256","638","3.2.2","โรงกรองน้ำ สะแทด","2","โรงกรอง","0.1623","0","52.59","53.87","53.05","32715.49","13356.49","8878.16","10480.84","26","32715.49","6990.79","106287.25","312.24","5309.72","336.42","0","119236.42","8346.55","127528.97","0","0","0","0","../WebScript/Upload/Electric/13490997_382277_04082026072028.jpg","","0","0","0","49600","41743","13490997","1175","636","2490238000","2","636","2490238000","5541036","0","75","363","202607","256907","2569","10","31","20260731","พลังงานไฟฟ้าตามใบแจ้งหนี้","การประปาส่วนภูมิภาคสาขาชุมพวง","กปภ.สาขาชุมพวง","ชุมพวง","การประปาส่วนภูมิภาคสาขาชุมพวง","กปภ.สาขาชุมพวง","ชุมพวง",,"กรกฎาคม","2569","1","1"
"41582","13490836","660","A14201","9805020005661337","8","3.1.2","โรงสูบน้ำแรงสูง","3","แรงสูง","0.1623","0","45.83","44.06","41.65","20317.85","8446.43","5491.07","6380.35","2497","20317.85","8994.6","63942.31","312.24","3297.59","0","0","76546.74","5358.27","81905.01","0","0","0","0","../WebScript/Upload/Electric/13490836_382239_04082026104424.jpg","","0","0","0","43999","41582","13490836","1005","8","2190912000","9","8","2190912000","5511012","0","75","363","202607","256907","2569","10","31","20260731","พลังงานไฟฟ้าตามใบแจ้งหนี้","การประปาส่วนภูมิภาคสาขาฮอด","กปภ.สาขาฮอด","ฮอด","การประปาส่วนภูมิภาคสาขาฮอด","กปภ.สาขาฮอด","ฮอด",,"กรกฎาคม","2569","1","1"
"41600","13490854","2881","01-06-3-01","9802-020005510875","65","3.1.2","แรงสูงแม่ข่ายจุน (3124)","3","แรงสูง","0.1623","0","29.4","26.29","26.15","12158.24","5244.32","3222.96","3690.96","2522","12158.24","5770.04","38263.2","312.24","1973.28","0","0","46318.76","3242.31","49561.07","0","0","0","0","../WebScript/Upload/Electric/13490854_381419_22072026135253.png","","0","0","0","44566","41600","13490854","1023","64","2190930000","9","64","2190930000","5511031","0","75","363","202607","256907","2569","10","31","20260731","พลังงานไฟฟ้าตามใบแจ้งหนี้","การประปาส่วนภูมิภาคสาขาจุน","กปภ.สาขาจุน","จุน","การประปาส่วนภูมิภาคสาขาจุน","กปภ.สาขาจุน","จุน",,"กรกฎาคม","2569","1","0"
"41756","13491009","1060","I13101","9801020003589652","676","3.2.2","สถานีจ่ายน้ำท่านางเริง","3","แรงสูง","0.1623","0","30.55","30.07","29.94","12052.5","5353.76","2771.76","3927.38","361","12052.5","4061.01","39841.11","312.24","1956.12","168.21","0","46338.69","3243.71","49582.4","0","0","0","0","../WebScript/Upload/Electric/13491009_379504_05082026105547.jpg","","0","0","0","49973","41756","13491009","1189","676","2490321000","3","676","2490321000","5542021","0","75","363","202607","256907","2569","10","31","20260731","พลังงานไฟฟ้าตามใบแจ้งหนี้","การประปาส่วนภูมิภาคสาขาเดิมบางนางบวช","กปภ.สาขาเดิมบางนางบวช","เดิมบางนางบวช","การประปาส่วนภูมิภาคสาขาเดิมบางนางบวช","กปภ.สาขาเดิมบางนางบวช","เดิมบางนางบวช",,"กรกฎาคม","2569","1","1"
"41672","13490926","1113","D06101","9087020016113571","389","2.1.2","สำนักงาน เลขที่18เทศาประดิษฐ์ ต.หนองแสง อ.เมือง จ.นครพนม","1","สำนักงาน","0.1623","0","0","0","0","3491","0","0","0","1240","3491","15210.18","0","33.29","566.59","0","0","15810.06","1106.7","16916.76","0","0","0","0","../WebScript/Upload/Electric/13490926_381449_23072026151458.jpg","","0","0","0","47347","41672","13490926","1095","389","2290727000","7","389","2290727000","5522027","0","75","363","202607","256907","2569","10","31","20260731","พลังงานไฟฟ้าตามใบแจ้งหนี้","การประปาส่วนภูมิภาคสาขานครพนม","กปภ.สาขานครพนม","นครพนม","การประปาส่วนภูมิภาคสาขานครพนม","กปภ.สาขานครพนม","นครพนม",,"กรกฎาคม","2569","1","1"
"41619","13490873","1085","B11201","9802020010159845","148","3.2.2","สถานีผลิตน้ำทุ่งเสลี่ยม","2","โรงกรอง","0.1623","0","49.42","39.38","40.87","20572.87","8563.13","5650.24","6359.5","1830","20572.87","6569.4","67097.04","312.24","3338.98","0","0","77317.66","5412.24","82729.9","0","0","0","0","../WebScript/Upload/Electric/13490873_381098_06082026140646.jpg","","0","0","0","45306","41619","13490873","1043","147","2191022000","10","147","2191022000","5512022","0","75","363","202607","256907","2569","10","31","20260731","พลังงานไฟฟ้าตามใบแจ้งหนี้","การประปาส่วนภูมิภาคสาขาทุ่งเสลี่ยม","กปภ.สาขาทุ่งเสลี่ยม","ทุ่งเสลี่ยม","การประปาส่วนภูมิภาคสาขาทุ่งเสลี่ยม","กปภ.สาขาทุ่งเสลี่ยม","ทุ่งเสลี่ยม",,"กรกฎาคม","2569","1","1"
"41710","13490964","1135","6101485573","9805 020013119551","515","3.2.2","โรงกรองน้ำโนนดินแดง","10","แรงต่ำ-แรงสูง","0.1623","0","70.72","70.63","69.93","27802.33","10978.4","7752.67","9071.26","96","27802.33","9400.81","897376.99","312.24","4512.32","504.63","0","104466.99","7312.69","111779.68","0","0","0","0","../WebScript/Upload/Electric/13490964_385206_17082026102724.jpg","","0","0","0","48497","41710","13490964","1140","513","2390826000","8","513","2390826000","5532023","0","75","363","202607","256907","2569","10","31","20260731","พลังงานไฟฟ้าตามใบแจ้งหนี้","การประปาส่วนภูมิภาคสาขาละหานทราย","กปภ.สาขาละหานทราย","ละหานทราย","การประปาส่วนภูมิภาคสาขาละหานทราย","กปภ.สาขาละหานทราย","ละหานทราย",,"กรกฎาคม","2569","1","0"
"41673","13490927","1944","6100040054","020014690480","394","2.1.2","สำนักงาน","1","สำนักงาน","0.1623","0","0","0","0","2894","0","0","0","422","2894","12570.43","0","33.29","469.7","0","0","13073.42","915.14","13988.56","0","0","0","0",,"","0","0","0","47382","41673","13490927","1096","394","2290728000","7","394","2290728000","5522028","0","75","363","202607","256907","2569","10","31","20260731","พลังงานไฟฟ้าตามใบแจ้งหนี้","การประปาส่วนภูมิภาคสาขาธาตุพนม","กปภ.สาขาธาตุพนม","ธาตุพนม","การประปาส่วนภูมิภาคสาขาธาตุพนม","กปภ.สาขาธาตุพนม","ธาตุพนม",,"กรกฎาคม","2569","1","1"
"41720","13490974","119","5900800547","GKKI9010-020000778745","564","3.2.2","บ่อบาดาล ทับกวาง","6","บ่อบาดาล","0.1623","0","69.75","88.77","88.77","32330","11999.91","9217.89","11112.2","302","32330","9271.87","103139.89","312.24","5247.16","0","0","117971.16","8257.98","126229.14","0","0","0","0","../WebScript/Upload/Electric/13490974_382154_03082026112341.jpg","","0","0","0","48897","41720","13490974","1150","560","2490213000","2","560","2490213000","5541013","0","75","363","202607","256907","2569","10","31","20260731","พลังงานไฟฟ้าตามใบแจ้งหนี้","การประปาส่วนภูมิภาคสาขามวกเหล็ก","กปภ.สาขามวกเหล็ก","มวกเหล็ก","การประปาส่วนภูมิภาคสาขามวกเหล็ก","กปภ.สาขามวกเหล็ก","มวกเหล็ก",,"กรกฎาคม","2569","1","1"
"41632","13490886","251","0307101","020006815346","202","3.1.2","หน้าโรงสูบแรงสูงแม่ข่ายหนองไผ่","3","แรงสูง","0.1623","0","86.59","0","0","24930.77","24930.77","0","0","2322","24930.77","16994.15","78459.63","312.24","4046.26","0","0","99812.28","6986.86","106799.14","0","0","0","0","../WebScript/Upload/Electric/13490886_380689_04082026084412.jpg","","0","0","0","45780","41632","13490886","1056","201","2191035000","10","201","2191035000","5512035","0","75","363","202607","256907","2569","10","31","20260731","พลังงานไฟฟ้าตามใบแจ้งหนี้","การประปาส่วนภูมิภาคสาขาหนองไผ่","กปภ.สาขาหนองไผ่","หนองไผ่","การประปาส่วนภูมิภาคสาขาหนองไผ่","กปภ.สาขาหนองไผ่","หนองไผ่",,"กรกฎาคม","2569","1","1"
"41597","13490851","630","808101","9805  020009484347","54","3.2.2","โรงสูบน้ำแรงสูงราษฎร์อำนวย","3","แรงสูง","0.1623","0","105.13","108.67","108.67","47556","17340.34","14847.96","15367.7","756","47556","13974.93","151222.76","312.24","7718.34","0","0","173228.27","12125.98","185354.25","0","0","0","0","../WebScript/Upload/Electric/13490851_382595_06082026161228.jpg","","0","0","0","44462","41597","13490851","1020","53","2190927000","9","53","2190927000","5511028","0","75","363","202607","256907","2569","10","31","20260731","พลังงานไฟฟ้าตามใบแจ้งหนี้","การประปาส่วนภูมิภาคสาขาน่าน","กปภ.สาขาน่าน","น่าน","การประปาส่วนภูมิภาคสาขาน่าน","กปภ.สาขาน่าน","น่าน",,"กรกฎาคม","2569","1","0"
"41681","13490935","960","H19101","9805020001557556","423","4.2.2","สถานีผลิตน้ำหนองกลางดง","2","โรงกรอง","0.1623","0","989.59","1031.57","1055.56","502470","148467.95","174647.01","179355.04","210","502470","131546.2","1542890.2","312.24","81550.88","5887.35","0","1762186.87","123353.08","1885539.95","0","0","0","0","../WebScript/Upload/Electric/13490935_381198_06082026143523.jpg","","0","0","0","47622","41681","13490935","1107","422","2390116000","1","422","2390116000","5531012","0","75","363","202607","256907","2569","10","31","20260731","พลังงานไฟฟ้าตามใบแจ้งหนี้","การประปาส่วนภูมิภาคสาขาพัทยา(ชั้นพิเศษ)","กปภ.สาขาพัทยา(ชั้นพิเศษ)","พัทยา","การประปาส่วนภูมิภาคสาขาพัทยา(ชั้นพิเศษ)","กปภ.สาขาพัทยา(ชั้นพิเศษ)","พัทยา",,"กรกฎาคม","2569","1","1"
"41681","13490935","821","H06101","9896020002397897","423","4.2.2","สถานีผลิตน้ำบางละมุง","2","โรงกรอง","0.1623","0","910.15","862.25","910.15","430923","138597.93","130733.93","161591.14","877","430923","120986.24","1341006.66","312.24","69938.8","0","0","1532243.94","107257.08","1639501.02","0","0","0","0","../WebScript/Upload/Electric/13490935_381195_14082026121843.jpg","","0","0","0","47622","41681","13490935","1107","422","2390116000","1","422","2390116000","5531012","0","75","363","202607","256907","2569","10","31","20260731","พลังงานไฟฟ้าตามใบแจ้งหนี้","การประปาส่วนภูมิภาคสาขาพัทยา(ชั้นพิเศษ)","กปภ.สาขาพัทยา(ชั้นพิเศษ)","พัทยา","การประปาส่วนภูมิภาคสาขาพัทยา(ชั้นพิเศษ)","กปภ.สาขาพัทยา(ชั้นพิเศษ)","พัทยา",,"กรกฎาคม","2569","1","1"
"41717","13490971","762","F12201","9801 020014078989","546","3.2.2","โรงสูบน้ำแรงสูงแม่ข่าย","11","สำนักงาน-แรงสูง-บ้านพัก","0.1623","0","66.5","80.97","71.42","33838.02","13232.86","10014.71","10590.45","2034.97","33838.02","8839.85","109014.63","312.24","5491.91","0","0","123658.63","8656.1","132314.73","0","0","0","0","../WebScript/Upload/Electric/13490971_381889_05082026145237.png","","0","0","0","48777","41717","13490971","1246","545","2390833000","8","545","2390833000","5532027","0","75","363","202607","256907","2569","10","31","20260731","พลังงานไฟฟ้าตามใบแจ้งหนี้","การประปาส่วนภูมิภาคสาขาสังขะ","กปภ.สาขาสังขะ","สังขะ","การประปาส่วนภูมิภาคสาขาสังขะ","กปภ.สาขาสังขะ","สังขะ",,"กรกฎาคม","2569","1","0"
"41749","13491002","508","j01601","9013020003768578","656","3.2.2","สถานีจ่ายน้ำเขาย้อย(บ.หนองส้ม)","7","สถานีจ่ายน้ำ","0.1623","0","56.09","56.28","56.09","16465.66","6103.64","4977.99","5384.03","245","16465.66","7456.04","52516.61","312.24","2672.38","728.91","0","63686.18","4458.03","68144.21","0","0","0","0","../WebScript/Upload/Electric/13491002_382412_06082026143648.jpg","","0","0","0","49791","41749","13491002","1182","652","2490314000","3","652","2490314000","5542013","0","75","363","202607","256907","2569","10","31","20260731","พลังงานไฟฟ้าตามใบแจ้งหนี้","การประปาส่วนภูมิภาคสาขาปากท่อ","กปภ.สาขาปากท่อ","ปากท่อ","การประปาส่วนภูมิภาคสาขาปากท่อ","กปภ.สาขาปากท่อ","ปากท่อ",,"กรกฎาคม","2569","1","1"
"41746","13491000","365","I06101","9805020003291993","645","3.2.2","สถานีผลิต-จ่ายน้ำปลักแรต","10","แรงต่ำ-แรงสูง","0.1623","0","177.64","161.07","158.7","51699","19580.56","13643.23","18475.21","685","51699","15637.89","165549.89","312.24","8390.75","0","0","189890.77","13292.35","203183.12","0","0","0","0","../WebScript/Upload/Electric/13491000_381256_05082026160720.jpg","","0","0","0","49735","41746","13491000","1179","644","2490311000","3","644","2490311000","5542011","0","75","363","202607","256907","2569","10","31","20260731","พลังงานไฟฟ้าตามใบแจ้งหนี้","การประปาส่วนภูมิภาคสาขาบ้านโป่ง","กปภ.สาขาบ้านโป่ง","บ้านโป่ง","การประปาส่วนภูมิภาคสาขาบ้านโป่ง","กปภ.สาขาบ้านโป่ง","บ้านโป่ง",,"กรกฎาคม","2569","1","1"
"41630","13490884","1066","C09101","9025020006440376","196","2.1.1","การประปาส่วนภูมิภาคสาขาหล่มสัก","1","สำนักงาน","0.1623","0","21.34","14.42","9.85","3637.1","2291.89","848.23","496.98","541","3637.1","14215.96","0","312.24","590.3","0","0","15118.2","1058.3","16176.8","0","0","0","0","../WebScript/Upload/Electric/13490884_380106_03082026140816.jpg","","0","0","0","45720","41630","13490884","1054","195","2191033000","10","195","2191033000","5512033","0","75","363","202607","256907","2569","10","31","20260731","พลังงานไฟฟ้าตามใบแจ้งหนี้","การประปาส่วนภูมิภาคสาขาหล่มสัก","กปภ.สาขาหล่มสัก","หล่มสัก","การประปาส่วนภูมิภาคสาขาหล่มสัก","กปภ.สาขาหล่มสัก","หล่มสัก",,"กรกฎาคม","2569","1","1"
"41795","13491047","316","L07101","020007314227","808","4.2.2","สถานีผลิตน้ำหาดใหญ่","10","แรงต่ำ-แรงสูง","0.1623","0","2595.98","2500.27","2548.12","1377781","455671.43","435453.92","486655.65","4259","1377781","345083.62","4307380.38","312.24","223613.86","0","0","4876390.1","341347.31","5217737.41","0","0","0","0","../WebScript/Upload/Electric/13491047_381345_11082026104157.jpg","22. หน่วยไฟฟ้าที่ใช้ในระบบแรงสูง คิดที่ 50% คือ 688890.50 หน่วย
-มิเตอร์ไฟฟ้าเสีย คิดค่าไฟฟ้าเฉลี่ย","688890.5","0","0","51168","41795","13491047","1227","807","2590512000","5","807","2590512000","5552012","0","75","363","202607","256907","2569","10","31","20260731","พลังงานไฟฟ้าตามใบแจ้งหนี้","การประปาส่วนภูมิภาคสาขาหาดใหญ่(ช้ันพิเศษ)","กปภ.สาขาหาดใหญ่(ช้ันพิเศษ)","หาดใหญ่","การประปาส่วนภูมิภาคสาขาหาดใหญ่(ช้ันพิเศษ)","กปภ.สาขาหาดใหญ่(ช้ันพิเศษ)","หาดใหญ่",,"กรกฎาคม","2569","1","0"
"41672","13490926","1090","D06101","9820020015984950","389","3.2.2","โรงกรองน้ำนครพนม","2","โรงกรอง","0.1623","0","356.52","374.41","333.87","165301","62087.74","49257.62","53955.64","1055","165301","47392.2","528502.27","312.24","26828.35","0","0","603038.06","42212.66","645250.72","0","0","0","0",,"","0","0","0","47347","41672","13490926","1095","389","2290727000","7","389","2290727000","5522027","0","75","363","202607","256907","2569","10","31","20260731","พลังงานไฟฟ้าตามใบแจ้งหนี้","การประปาส่วนภูมิภาคสาขานครพนม","กปภ.สาขานครพนม","นครพนม","การประปาส่วนภูมิภาคสาขานครพนม","กปภ.สาขานครพนม","นครพนม",,"กรกฎาคม","2569","1","1"
"41698","13490952","790","E13104","9802 020012668835","470","3.2.2","บัวเทิง","4","แรงต่ำ","0.1623","0","364.8","364.8","364.8","179232","41808","73152","64272","0","179232","48492.86","532731.36","312.24","29089.35","224.28","-158.19","610691.9","42748.43","653440.33","0","146","1.19","0","../WebScript/Upload/Electric/13490952_381727_03082026172542.jpg","","0","0","0","48067","41698","13490952","1125","469","2390811000","8","469","2390811000","5532011","0","75","363","202607","256907","2569","10","31","20260731","พลังงานไฟฟ้าตามใบแจ้งหนี้","การประปาส่วนภูมิภาคสาขาอุบลราชธานี","กปภ.สาขาอุบลราชธานี","อุบลราชธานี","การประปาส่วนภูมิภาคสาขาอุบลราชธานี","กปภ.สาขาอุบลราชธานี","อุบลราชธานี",,"กรกฎาคม","2569","1","1"
"41710","13490964","1138","23075558","9801 020013234203","516","3.2.2","โรงสูบน้ำแรงต่ำ+แรงสูงบ้านกรวด","4","แรงต่ำ","0.1623","0","55.33","57.07","56.49","14720.57","2354.45","9990.6","2375.52","32","14720.57","7355.02","42048.46","312.24","2389.15","336.42","-5.32","52435.97","3670.52","56106.49","0","34","0.04","0","../WebScript/Upload/Electric/13490964_385210_17082026104612.jpg","","0","0","0","48497","41710","13490964","1140","513","2390826000","8","513","2390826000","5532023","0","75","363","202607","256907","2569","10","31","20260731","พลังงานไฟฟ้าตามใบแจ้งหนี้","การประปาส่วนภูมิภาคสาขาละหานทราย","กปภ.สาขาละหานทราย","ละหานทราย","การประปาส่วนภูมิภาคสาขาละหานทราย","กปภ.สาขาละหานทราย","ละหานทราย",,"กรกฎาคม","2569","1","0"
"41756","13491009","1056","I13101","9801020003589605","676","3.2.2","สำนักงาน แรงสูง แรงต่ำ","5","สำนักงาน-แรงสูง","0.1623","0","157.93","156.34","157.13","61250","17276.66","22419.18","21554.16","494","61250","20993.63","186777.21","312.24","9940.88","224.28","0","218248.24","15227.38","233525.62","0","0","0","0","../WebScript/Upload/Electric/13491009_379503_05082026105229.jpg","","0","0","0","49973","41756","13491009","1189","676","2490321000","3","676","2490321000","5542021","0","75","363","202607","256907","2569","10","31","20260731","พลังงานไฟฟ้าตามใบแจ้งหนี้","การประปาส่วนภูมิภาคสาขาเดิมบางนางบวช","กปภ.สาขาเดิมบางนางบวช","เดิมบางนางบวช","การประปาส่วนภูมิภาคสาขาเดิมบางนางบวช","กปภ.สาขาเดิมบางนางบวช","เดิมบางนางบวช",,"กรกฎาคม","2569","1","1"
"41812","13491063","357","ุ23058597","020007916467","862","3.2.2","สถานีผลิตน้ำเขาขาว (แม่ข่าย) หน้าประตูทางเข้า","10","แรงต่ำ-แรงสูง","0.1623","0","155.84","182.21","154.64","63294","24202.76","17993.24","21098","66","63294","20715.81","203043.79","312.24","10272.62","0","0","234344.46","16404.11","250748.57","0","0","0","0","../WebScript/Upload/Electric/13491063_379668_04082026095306.jpg","แรงสูง 90 %","56964.6","0","0","51654","41812","13491063","1244","862","2590529000","5","862","2590529000","5552023","0","75","363","202607","256907","2569","10","31","20260731","พลังงานไฟฟ้าตามใบแจ้งหนี้","การประปาส่วนภูมิภาคสาขาละงู","กปภ.สาขาละงู","ละงู","การประปาส่วนภูมิภาคสาขาละงู","กปภ.สาขาละงู","ละงู",,"กรกฎาคม","2569","1","1"
"41812","13491063","362","28086036","020007333672","862","2.1.2","สนง. กปภ.สาขาละงู (เสาไฟใต้หม้อแปลง)","1","สำนักงาน","0.1623","0","0","0","0","2640.74","0","0","0","411","2640.74","9515.09","0","312.24","428.59","0","0","12466.55","872.66","13339.21","0","0","0","0","../WebScript/Upload/Electric/13491063_379671_04082026101515.jpg","เปลี่ยนประเภท 2125  มาเป็นประเภท 3224 เพื่อรองรับ โครงการ Mini Station","0","0","0","51654","41812","13491063","1244","862","2590529000","5","862","2590529000","5552023","0","75","363","202607","256907","2569","10","31","20260731","พลังงานไฟฟ้าตามใบแจ้งหนี้","การประปาส่วนภูมิภาคสาขาละงู","กปภ.สาขาละงู","ละงู","การประปาส่วนภูมิภาคสาขาละงู","กปภ.สาขาละงู","ละงู",,"กรกฎาคม","2569","1","1"
"41634","13490888","1200","D03101","020014999212","210","4.2.2","โรงกรองน้ำบ้านโกทา","2","โรงกรอง","0.1623","0","1084.29","1108.12","1030.67","509973","170209.45","162702.83","177060.72","3627","509973","144134.67","1596781.67","312.24","82768.62","0","0","1823997.2","127679.8","1951677","0","0","0","0","../WebScript/Upload/Electric/13490888_383665_04082026162354.jpg","","0","0","0","45849","41634","13490888","1060","210","2290611000","6","210","2290611000","5521011","0","75","363","202607","256907","2569","10","31","20260731","พลังงานไฟฟ้าตามใบแจ้งหนี้","การประปาส่วนภูมิภาคสาขาขอนแก่น(ชั้นพิเศษ)","กปภ.สาขาขอนแก่น(ชั้นพิเศษ)","ขอนแก่น","การประปาส่วนภูมิภาคสาขาขอนแก่น(ชั้นพิเศษ)","กปภ.สาขาขอนแก่น(ชั้นพิเศษ)","ขอนแก่น",,"กรกฎาคม","2569","1","1"
"41634","13490888","1193","D03101","020014874237","210","3.2.2","สถานีจ่ายน้ำหนองแวง","7","สถานีจ่ายน้ำ","0.1623","0","100.58","102.84","101.33","55604","19729.48","16477.78","19396.74","3220","55604","13370.1","175952.67","312.24","9024.53","168.21","0","198827.75","13917.94","212745.69","0","0","0","0","../WebScript/Upload/Electric/13490888_383662_05082026094430.jpg","","0","0","0","45849","41634","13490888","1060","210","2290611000","6","210","2290611000","5521011","0","75","363","202607","256907","2569","10","31","20260731","พลังงานไฟฟ้าตามใบแจ้งหนี้","การประปาส่วนภูมิภาคสาขาขอนแก่น(ชั้นพิเศษ)","กปภ.สาขาขอนแก่น(ชั้นพิเศษ)","ขอนแก่น","การประปาส่วนภูมิภาคสาขาขอนแก่น(ชั้นพิเศษ)","กปภ.สาขาขอนแก่น(ชั้นพิเศษ)","ขอนแก่น",,"กรกฎาคม","2569","1","1"
"41671","13490925","1120","D10301","9812020016009996","386","3.2.2","หน่วยบริการวานรนิวาส","2","โรงกรอง","0.1623","0","60.25","59.85","59.43","31590.82","12671.15","9576.27","9343.4","0","31590.82","7751.15","102275.96","312.24","5127.19","0","0","115466.54","8082.66","123549.2","0","60","0","0","../WebScript/Upload/Electric/13490925_383613_05082026134501.jpg","","0","0","0","47298","41671","13490925","1094","382","2290726000","7","382","2290726000","5522026","0","75","363","202607","256907","2569","10","31","20260731","พลังงานไฟฟ้าตามใบแจ้งหนี้","การประปาส่วนภูมิภาคสาขาพังโคน","กปภ.สาขาพังโคน","พังโคน","การประปาส่วนภูมิภาคสาขาพังโคน","กปภ.สาขาพังโคน","พังโคน",,"กรกฎาคม","2569","1","1"
"41746","13491000","368","I06101","9819020002859470","645","2.1.1","สถานีผลิต-จ่ายน้ำสำนักงานประปาบ้านโป่ง","5","สำนักงาน-แรงสูง","0.1623","0","18.51","20.79","7.79","4956","2731.32","1318.57","906.11","1148","4956","19371.02","0","312.24","804.36","0","0","20487.62","1434.13","21921.75","0","0","0","0","../WebScript/Upload/Electric/13491000_381257_05082026162912.jpg","","0","0","0","49735","41746","13491000","1179","644","2490311000","3","644","2490311000","5542011","0","75","363","202607","256907","2569","10","31","20260731","พลังงานไฟฟ้าตามใบแจ้งหนี้","การประปาส่วนภูมิภาคสาขาบ้านโป่ง","กปภ.สาขาบ้านโป่ง","บ้านโป่ง","การประปาส่วนภูมิภาคสาขาบ้านโป่ง","กปภ.สาขาบ้านโป่ง","บ้านโป่ง",,"กรกฎาคม","2569","1","1"
"41602","13490856","2362","A17101","020004484664","71","3.2.2","การประปาส่วนภูมิภาคสาขาพาน","11","สำนักงาน-แรงสูง-บ้านพัก","0.1623","0","116.95","148.44","134.95","50020","17205.62","15586.27","17228.11","3356","50020","15546.16","157425.39","312.24","8118.25","616.77","0","182018.81","12741.32","194760.13","0","0","0","0","../WebScript/Upload/Electric/13490856_381507_03082026144055.jpg","","0","0","0","44626","41602","13490856","1025","70","2190932000","9","70","2190932000","5511033","0","75","363","202607","256907","2569","10","31","20260731","พลังงานไฟฟ้าตามใบแจ้งหนี้","การประปาส่วนภูมิภาคสาขาพาน","กปภ.สาขาพาน","พาน","การประปาส่วนภูมิภาคสาขาพาน","กปภ.สาขาพาน","พาน",,"กรกฎาคม","2569","1","0"
"41649","13490903","1212","F02301","9018020013429726","273","2.1.1","การประปาส่วนภูมิภาค สาขาจัตุรัส","1","สำนักงาน","0.1623","0","19.13","12.5","9.86","4072","2271.31","999.75","800.94","647","4072","15915.81","0","312.24","660.89","0","0","16888.94","1182.23","18071.17","0","0","0","0","../WebScript/Upload/Electric/13490903_381532_24072026162311.jpg","","0","0","0","46425","41649","13490903","1075","272","2290626000","6","272","2290626000","5521026","0","75","363","202607","256907","2569","10","31","20260731","พลังงานไฟฟ้าตามใบแจ้งหนี้","การประปาส่วนภูมิภาคสาขาจัตุรัส","กปภ.สาขาจัตุรัส","จัตุรัส","การประปาส่วนภูมิภาคสาขาจัตุรัส","กปภ.สาขาจัตุรัส","จัตุรัส",,"กรกฎาคม","2569","1","1"
"41696","13490950","695","G23101","9025020000342403","465","3.2.2","สถานีผลิตน้ำศรีมหาโพธิ","2","โรงกรอง","0.1623","0","91.8","93.74","91.8","44454.98","13891.42","16118.58","14444.98","434","44454.98","12202.97","137698.65","312.24","7215.04","0","0","157428.9","11020.02","168448.92","0","0","0","0","../WebScript/Upload/Electric/13490950_384600_07082026150610.jpg","","0","0","0","48007","41696","13490950","1122","462","2390131000","1","462","2390131000","5531031","0","75","363","202607","256907","2569","10","31","20260731","พลังงานไฟฟ้าตามใบแจ้งหนี้","การประปาส่วนภูมิภาคสาขาปราจีนบุรี","กปภ.สาขาปราจีนบุรี","ปราจีนบุรี","การประปาส่วนภูมิภาคสาขาปราจีนบุรี","กปภ.สาขาปราจีนบุรี","ปราจีนบุรี",,"กรกฎาคม","2569","1","1"
"41695","13490949","283","g07101","9088020000853076","461","2.1.1","เลขที่ 40/1  ถ.บำรุงราษฎร์ อ.อรัญประเทศ จ.สระแก้ว","1","สำนักงาน","0.1623","0","0","0","0","3885","3885","0","0","660","3885","15184.92","0","312.24","630.54","0","0","16127.7","1128.94","17256.64","0","0","0","0","../WebScript/Upload/Electric/13490949_380467_05082026144905.jpg","","0","0","0","47986","41695","13490949","1121","460","2390130000","1","460","2390130000","5531030","0","75","363","202607","256907","2569","10","31","20260731","พลังงานไฟฟ้าตามใบแจ้งหนี้","การประปาส่วนภูมิภาคสาขาอรัญประเทศ","กปภ.สาขาอรัญประเทศ","อรัญประเทศ","การประปาส่วนภูมิภาคสาขาอรัญประเทศ","กปภ.สาขาอรัญประเทศ","อรัญประเทศ",,"กรกฎาคม","2569","1","1"
"41750","13491003","3483","J03101","9015020026183987","657","3.2.2","สถานีจ่ายน้ำแพรกหนามแดง","7","สถานีจ่ายน้ำ","0.1623","0","141.6","116","114.4","70549.9","27951.17","18447.45","24151.28","2.1","70549.9","18822.89","227859.21","312.24","11450.25","0","0","258444.59","18091.12","276535.71","0","0","0","0","../WebScript/Upload/Electric/13491003_384699_10082026134841.jpg","","0","0","0","49819","41750","13491003","1183","657","2490315000","3","657","2490315000","5542015","0","75","363","202607","256907","2569","10","31","20260731","พลังงานไฟฟ้าตามใบแจ้งหนี้","การประปาส่วนภูมิภาคสาขาสมุทรสงคราม","กปภ.สาขาสมุทรสงคราม","สมุทรสงคราม","การประปาส่วนภูมิภาคสาขาสมุทรสงคราม","กปภ.สาขาสมุทรสงคราม","สมุทรสงคราม",,"กรกฎาคม","2569","1","1"
"41801","13491052","222","L06102","9033020007594413","823","2.1.1","สถานีเพิ่มแรงดันน้ำ (สำนักงานเขาชัยสน)","3","แรงสูง","0.1623","0","14.91","0","0","3659","3659","0","0","1445","3659","14301","0","312.24","593.86","0","0","15207.66","1064.54","16272.2","0","0","0","0","../WebScript/Upload/Electric/13491052_381378_31072026143156.jpg","","0","0","0","51314","41801","13491052","1233","822","2590518000","5","822","2590518000","5552017","0","75","363","202607","256907","2569","10","31","20260731","พลังงานไฟฟ้าตามใบแจ้งหนี้","การประปาส่วนภูมิภาคสาขาเขาชัยสน","กปภ.สาขาเขาชัยสน","เขาชัยสน","การประปาส่วนภูมิภาคสาขาเขาชัยสน","กปภ.สาขาเขาชัยสน","เขาชัยสน",,"กรกฎาคม","2569","1","1"
"41581","13490835","5364","A11101","9804 020019196564","5","4.2.2","สถานีสูบน้ำดิบแม่แต ต.แม่แฝก อ.สันทราย จ.เชียงใหม่ (4224)","4","แรงต่ำ","0.1623","0","460.8","470.4","460.8","211104","76584","58260","76260","0","211104","61254.14","670669.52","312.24","34262.18","56.07","-23.93","766530.22","53657.12","820187.34","0","17","0.18","0","../WebScript/Upload/Electric/13490835_381929_07082026104506.jpg","ไฟดับ 17 นาที ลด 0.18 กิโลวัตต์","0","0","0","43962","41581","13490835","1004","4","2190911000","9","4","2190911000","5511011","0","75","363","202607","256907","2569","10","31","20260731","พลังงานไฟฟ้าตามใบแจ้งหนี้","การประปาส่วนภูมิภาคสาขาเชียงใหม่(ชั้นพิเศษ)","กปภ.สาขาเชียงใหม่(ชั้นพิเศษ)","เชียงใหม่","การประปาส่วนภูมิภาคสาขาเชียงใหม่(ชั้นพิเศษ)","กปภ.สาขาเชียงใหม่(ชั้นพิเศษ)","เชียงใหม่",,"กรกฎาคม","2569","1","1"
"41605","13490859","1563","A08101","9802020016559704","79","3.2.2","โรงสูบแรงต่ำเกาะช้าง","4","แรงต่ำ","0.1623","0","30.28","29.8","29.2","15582.17","4049.3","6370.49","5162.38","272","15582.17","4025.12","46969.98","312.24","2528.99","280.35","0","54116.68","3788.17","57904.85","0","0","0","0","../WebScript/Upload/Electric/13490859_380424_10082026140703.jpeg","","0","0","0","44709","41605","13490859","1028","78","2190935000","9","78","2190935000","5511036","0","75","363","202607","256907","2569","10","31","20260731","พลังงานไฟฟ้าตามใบแจ้งหนี้","การประปาส่วนภูมิภาคสาขาแม่สาย","กปภ.สาขาแม่สาย","แม่สาย","การประปาส่วนภูมิภาคสาขาแม่สาย","กปภ.สาขาแม่สาย","แม่สาย",,"กรกฎาคม","2569","1","0"
"41749","13491002","1546","j02301","9071020004356486","653","2.1.1","สำนักงานการประปาส่วนภูมิภาคสาขาปากท่อ","1","สำนักงาน","0.1623","0","14.51","13.19","8.24","3407.51","1893.93","754.11","759.47","727","3407.51","13318.59","0","312.24","553.04","0","0","14183.87","992.87","15176.74","0","0","0","0","../WebScript/Upload/Electric/13491002_382409_06082026150704.jpg","","0","0","0","49791","41749","13491002","1182","652","2490314000","3","652","2490314000","5542013","0","75","363","202607","256907","2569","10","31","20260731","พลังงานไฟฟ้าตามใบแจ้งหนี้","การประปาส่วนภูมิภาคสาขาปากท่อ","กปภ.สาขาปากท่อ","ปากท่อ","การประปาส่วนภูมิภาคสาขาปากท่อ","กปภ.สาขาปากท่อ","ปากท่อ",,"กรกฎาคม","2569","1","1"
"41743","13490997","147","6101486971","9804 020013683760","637","3.2.2","โรงกรองน้ำ ชุมพวง","2","โรงกรอง","0.1623","0","39.74","42.36","42.05","16359.09","6428.97","4991.6","4938.52","2597","16359.09","5282.64","52753.21","312.24","2655.08","0","0","61003.17","4270.22","65273.39","0","0","0","0","../WebScript/Upload/Electric/13490997_382274_04082026070848.jpg","","0","0","0","49600","41743","13490997","1175","636","2490238000","2","636","2490238000","5541036","0","75","363","202607","256907","2569","10","31","20260731","พลังงานไฟฟ้าตามใบแจ้งหนี้","การประปาส่วนภูมิภาคสาขาชุมพวง","กปภ.สาขาชุมพวง","ชุมพวง","การประปาส่วนภูมิภาคสาขาชุมพวง","กปภ.สาขาชุมพวง","ชุมพวง",,"กรกฎาคม","2569","1","1"
"41632","13490886","248","3007301","020006118172","203","3.1.2","โรงสูบแรงสูงบึงสามพัน","3","แรงสูง","0.1623","0","28.28","0","0","11278.32","11278.32","0","0","111","11278.32","5550.23","35494","312.24","1830.47","0","0","43186.94","3023.09","46210.03","0","0","0","0","../WebScript/Upload/Electric/13490886_380690_04082026083436.jpg","","0","0","0","45780","41632","13490886","1056","201","2191035000","10","201","2191035000","5512035","0","75","363","202607","256907","2569","10","31","20260731","พลังงานไฟฟ้าตามใบแจ้งหนี้","การประปาส่วนภูมิภาคสาขาหนองไผ่","กปภ.สาขาหนองไผ่","หนองไผ่","การประปาส่วนภูมิภาคสาขาหนองไผ่","กปภ.สาขาหนองไผ่","หนองไผ่",,"กรกฎาคม","2569","1","1"
"41822","13503279","211","C02101","9096 020021699598","877","3.1.2","ที่ทำการสำนักงาน กปภ.ข.10","12","สำนักงานเขต","0.1623","0","100.02","86.42","47.58","25432","14983.42","5331.11","5117.47","5996","25432","19629.93","80037.05","312.24","4127.61","0","0","104106.83","7287.48","111394.31","0","0","0","0","../WebScript/Upload/Electric/13503279_382287_03082026112319.jpg","","0","0","0","45835","41822","13503279","1031","877","2191090000","10","877","2191090000","5512000","0","75","363","202607","256907","2569","10","31","20260731","พลังงานไฟฟ้าตามใบแจ้งหนี้","สำนักงาน  กปภ.ข. 10","สนง.เขต 10","สนง.ข.10","สำนักงาน  กปภ.ข. 10","สนง.เขต 10","สนง.ข.10",,"กรกฎาคม","2569","1","0"
"41671","13490925","1943","D10101","9807020018258710","383","3.2.2","บ้านเจริญสุข","8","สถานีปรับแรงดัน","0.1623","0","87.39","87.39","87.23","42462.19","8525.57","18173.95","15762.67","0","42462.19","11616.75","124030.91","312.24","6891.61","0","0","142851.51","9999.61","152851.12","0","60","0","0","../WebScript/Upload/Electric/13490925_383607_05082026090844.jpg","","0","0","0","47298","41671","13490925","1094","382","2290726000","7","382","2290726000","5522026","0","75","363","202607","256907","2569","10","31","20260731","พลังงานไฟฟ้าตามใบแจ้งหนี้","การประปาส่วนภูมิภาคสาขาพังโคน","กปภ.สาขาพังโคน","พังโคน","การประปาส่วนภูมิภาคสาขาพังโคน","กปภ.สาขาพังโคน","พังโคน",,"กรกฎาคม","2569","1","1"
"41671","13490925","1115","D10101","9807020015864729","383","3.2.2","โรงสูบน้ำแรงต่ำเขื่อนน้ำอูน","4","แรงต่ำ","0.1623","0","78.09","78.09","78.17","54548.78","19118.06","17553.79","17876.93","0","54548.78","10380.5","172239.02","312.24","8853.27","56.07","0","191841.1","13428.88","205269.98","0","60","0","0","../WebScript/Upload/Electric/13490925_383606_05082026085840.jpg","","0","0","0","47298","41671","13490925","1094","382","2290726000","7","382","2290726000","5522026","0","75","363","202607","256907","2569","10","31","20260731","พลังงานไฟฟ้าตามใบแจ้งหนี้","การประปาส่วนภูมิภาคสาขาพังโคน","กปภ.สาขาพังโคน","พังโคน","การประปาส่วนภูมิภาคสาขาพังโคน","กปภ.สาขาพังโคน","พังโคน",,"กรกฎาคม","2569","1","1"
"41671","13490925","1112","D10101","9875020015915876","383","3.2.2","การประปาส่วนภูมิภาคสาขาพังโคน","5","สำนักงาน-แรงสูง","0.1623","0","66.31","55.31","58.87","27770.62","11086.73","8054.04","8629.85","0","27770.62","8814.59","89825.61","312.24","4507.17","0","0","103459.61","7242.17","110701.78","0","60","0","0","../WebScript/Upload/Electric/13490925_383605_05082026090204.jpg","","0","0","0","47298","41671","13490925","1094","382","2290726000","7","382","2290726000","5522026","0","75","363","202607","256907","2569","10","31","20260731","พลังงานไฟฟ้าตามใบแจ้งหนี้","การประปาส่วนภูมิภาคสาขาพังโคน","กปภ.สาขาพังโคน","พังโคน","การประปาส่วนภูมิภาคสาขาพังโคน","กปภ.สาขาพังโคน","พังโคน",,"กรกฎาคม","2569","1","1"
"41634","13490888","1194","D03101","020014874152","210","3.1.2","สำนักงาน กปภ.สาขาขอนแก่น(ชั้นพิเศษ)","1","สำนักงาน","0.1623","0","50.88","45.57","20.57","10861.23","7655.29","1868.44","1337.5","855","10861.23","9985.71","34181.38","312.24","1762.78","0","0","46242.11","3236.95","49479.06","0","0","0","0","../WebScript/Upload/Electric/13490888_383663_05082026094355.jpg","","0","0","0","45849","41634","13490888","1060","210","2290611000","6","210","2290611000","5521011","0","75","363","202607","256907","2569","10","31","20260731","พลังงานไฟฟ้าตามใบแจ้งหนี้","การประปาส่วนภูมิภาคสาขาขอนแก่น(ชั้นพิเศษ)","กปภ.สาขาขอนแก่น(ชั้นพิเศษ)","ขอนแก่น","การประปาส่วนภูมิภาคสาขาขอนแก่น(ชั้นพิเศษ)","กปภ.สาขาขอนแก่น(ชั้นพิเศษ)","ขอนแก่น",,"กรกฎาคม","2569","1","1"
"41720","13490974","127","20962102","GMKL9075-020000890836","561","3.2.2","โรงกรองน้ำ มวกเหล็ก","2","โรงกรอง","0.1623","0","182.19","176.01","188.37","94144","34206.81","26896.08","33041.11","3416","94144","24218.52","299176.33","312.24","15279.57","0","0","338986.66","23279.07","362715.73","0","0","0","0","../WebScript/Upload/Electric/13490974_382147_03082026112603.jpg","","0","0","0","48897","41720","13490974","1150","560","2490213000","2","560","2490213000","5541013","0","75","363","202607","256907","2569","10","31","20260731","พลังงานไฟฟ้าตามใบแจ้งหนี้","การประปาส่วนภูมิภาคสาขามวกเหล็ก","กปภ.สาขามวกเหล็ก","มวกเหล็ก","การประปาส่วนภูมิภาคสาขามวกเหล็ก","กปภ.สาขามวกเหล็ก","มวกเหล็ก",,"กรกฎาคม","2569","1","1"
"41616","13490870","732","B03101","9801020010380787","131","2.1.1","หน้าสำนักงาน","1","สำนักงาน","0.1623","0","6.07","5.55","2.54","1248.4","746.14","316.46","185.8","4874","1248.4","4879.5","0","312.24","202.62","0","0","5394.36","377.61","5771.97","0","0","0","0","../WebScript/Upload/Electric/13490870_384085_05082026161307.jpg","","0","0","0","45167","41616","13490870","1040","131","2191019000","10","131","2191019000","5512019","0","75","363","202607","256907","2569","10","31","20260731","พลังงานไฟฟ้าตามใบแจ้งหนี้","การประปาส่วนภูมิภาคสาขาตาก","กปภ.สาขาตาก","ตาก","การประปาส่วนภูมิภาคสาขาตาก","กปภ.สาขาตาก","ตาก",,"กรกฎาคม","2569","1","1"
"41634","13490888","2340","D14202","020021157681","210","3.1.2","สถานีจ่ายน้ำพระยืน","7","สถานีจ่ายน้ำ","0.1623","0","39.51","0","0","12604.88","12604.88","0","0","37","12604.88","7754.23","39668.82","312.24","2045.77","0","0","49781.06","3484.67","53265.73","0","0","0","0","../WebScript/Upload/Electric/13490888_383670_07082026111229.jpg","","0","0","0","45849","41634","13490888","1060","210","2290611000","6","210","2290611000","5521011","0","75","363","202607","256907","2569","10","31","20260731","พลังงานไฟฟ้าตามใบแจ้งหนี้","การประปาส่วนภูมิภาคสาขาขอนแก่น(ชั้นพิเศษ)","กปภ.สาขาขอนแก่น(ชั้นพิเศษ)","ขอนแก่น","การประปาส่วนภูมิภาคสาขาขอนแก่น(ชั้นพิเศษ)","กปภ.สาขาขอนแก่น(ชั้นพิเศษ)","ขอนแก่น",,"กรกฎาคม","2569","1","1"
"41681","13490935","958","H06101","9829020001774297","423","4.2.2","สถานีผลิตน้ำมาบประชัน","2","โรงกรอง","0.1623","0","911.53","860.72","923.48","387893","128211.8","110997.35","148683.85","1477","387893","121169.68","1212557.29","312.24","62955.03","112.14","0","1397106.38","97797.45","1494903.83","0","0","0","0","../WebScript/Upload/Electric/13490935_381196_14082026123757.jpg","","0","0","0","47622","41681","13490935","1107","422","2390116000","1","422","2390116000","5531012","0","75","363","202607","256907","2569","10","31","20260731","พลังงานไฟฟ้าตามใบแจ้งหนี้","การประปาส่วนภูมิภาคสาขาพัทยา(ชั้นพิเศษ)","กปภ.สาขาพัทยา(ชั้นพิเศษ)","พัทยา","การประปาส่วนภูมิภาคสาขาพัทยา(ชั้นพิเศษ)","กปภ.สาขาพัทยา(ชั้นพิเศษ)","พัทยา",,"กรกฎาคม","2569","1","1"
"41681","13490935","820","H06101","9834020001997161","423","4.2.2","สำนักงาน","7","สถานีจ่ายน้ำ","0.1623","0","906.74","894.81","900.77","498586","169058.71","148776.44","180750.85","2894","498586","120532.95","1565314.95","312.24","80920.51","3588.48","0","1770669.11","123946.84","1894615.95","0","0","0","0","../WebScript/Upload/Electric/13490935_381194_10082026140337.jpg","","0","0","0","47622","41681","13490935","1107","422","2390116000","1","422","2390116000","5531012","0","75","363","202607","256907","2569","10","31","20260731","พลังงานไฟฟ้าตามใบแจ้งหนี้","การประปาส่วนภูมิภาคสาขาพัทยา(ชั้นพิเศษ)","กปภ.สาขาพัทยา(ชั้นพิเศษ)","พัทยา","การประปาส่วนภูมิภาคสาขาพัทยา(ชั้นพิเศษ)","กปภ.สาขาพัทยา(ชั้นพิเศษ)","พัทยา",,"กรกฎาคม","2569","1","1"
"41681","13490935","959","H06201","9045020002137366","423","4.2.2","สถานีผลิตน้ำห้วยชากนอก","2","โรงกรอง","0.1623","0","340.62","279.88","343","119885.01","38766.71","39945.79","41172.51","907","119885.01","45278.62","373403.73","312.24","19457.34","1962.45","0","440414.38","30829.01","471243.39","0","0","0","0","../WebScript/Upload/Electric/13490935_381197_14082026122607.jpg","","0","0","0","47622","41681","13490935","1107","422","2390116000","1","422","2390116000","5531012","0","75","363","202607","256907","2569","10","31","20260731","พลังงานไฟฟ้าตามใบแจ้งหนี้","การประปาส่วนภูมิภาคสาขาพัทยา(ชั้นพิเศษ)","กปภ.สาขาพัทยา(ชั้นพิเศษ)","พัทยา","การประปาส่วนภูมิภาคสาขาพัทยา(ชั้นพิเศษ)","กปภ.สาขาพัทยา(ชั้นพิเศษ)","พัทยา",,"กรกฎาคม","2569","1","1"
"41760","13491012","3046","23047926","020022060940","687","3.2.2","สถานีจ่ายน้ำเขาล้าน","3","แรงสูง","0.1623","0","150.65","148.26","148.26","31939.99","10202.94","10322.51","11414.54","116","31939.99","20025.9","99284.86","312.24","5183.86","168.21","0","124975.07","8748.25","133723.32","0","0","0","0","../WebScript/Upload/Electric/13491012_383992_06082026140205.jpg","","0","0","0","50050","41760","13491012","1193","686","2490325000","3","686","2490325000","5542024","0","75","363","202607","256907","2569","10","31","20260731","พลังงานไฟฟ้าตามใบแจ้งหนี้","การประปาส่วนภูมิภาคสาขากาญจนบุรี","กปภ.สาขากาญจนบุรี","กาญจนบุรี","การประปาส่วนภูมิภาคสาขากาญจนบุรี","กปภ.สาขากาญจนบุรี","กาญจนบุรี",,"กรกฎาคม","2569","1","1"
"41590","13490844","1552","A02501","9801020005582097","32","2.2.1","โรงกรองน้ำ แรงสูง","3","แรงสูง","0.1623","0","23.44","19.53","19.53","5752.81","2533.96","1441.74","1777.11","1097","5752.81","21338.33","0","312.24","933.68","0","0","22584.25","1580.9","24165.15","0","0","0","0","../WebScript/Upload/Electric/13490844_383633_04082026110443.jpg","","0","0","0","44245","41590","13490844","1013","32","2190920000","9","32","2190920000","5511021","0","75","363","202607","256907","2569","10","31","20260731","พลังงานไฟฟ้าตามใบแจ้งหนี้","การประปาส่วนภูมิภาคสาขาบ้านโฮ่ง","กปภ.สาขาบ้านโฮ่ง","บ้านโฮ่ง","การประปาส่วนภูมิภาคสาขาบ้านโฮ่ง","กปภ.สาขาบ้านโฮ่ง","บ้านโฮ่ง",,"กรกฎาคม","2569","1","1"
"41669","13490923","1620","D05101","9825020015227571","370","3.2.2","หน้าโรงสูบแรงสูง","5","สำนักงาน-แรงสูง","0.1623","0","230.83","299.45","290.09","130112","49268.66","36526.5","44316.84","3368","130112","30684.23","416626.94","312.24","21117.18","0","0","468740.59","32811.84","501552.43","0","0","0","0","../WebScript/Upload/Electric/13490923_381406_06082026160929.jpg","","3368","0","0","47200","41669","13490923","1092","369","2290724000","7","369","2290724000","5522024","0","75","363","202607","256907","2569","10","31","20260731","พลังงานไฟฟ้าตามใบแจ้งหนี้","การประปาส่วนภูมิภาคสาขาสกลนคร","กปภ.สาขาสกลนคร","สกลนคร","การประปาส่วนภูมิภาคสาขาสกลนคร","กปภ.สาขาสกลนคร","สกลนคร",,"กรกฎาคม","2569","1","1"
"41700","13490954","937","E12101","9801 020011123470","477","3.2.2","โรงกรองหนองยาว","3","แรงสูง","0.1623","0","56.87","93.41","93.99","32313.35","12702.86","9187.48","10423.01","232","32313.35","7559.73","104207.3","312.24","5244.46","0","0","117323.73","8212.66","125536.39","0","0","0","0","../WebScript/Upload/Electric/13490954_385125_16082026103637.jpg","","0","0","0","48134","41700","13490954","1127","476","2390813000","8","476","2390813000","5532013","0","75","363","202607","256907","2569","10","31","20260731","พลังงานไฟฟ้าตามใบแจ้งหนี้","การประปาส่วนภูมิภาคสาขาเดชอุดม","กปภ.สาขาเดชอุดม","เดชอุดม","การประปาส่วนภูมิภาคสาขาเดชอุดม","กปภ.สาขาเดชอุดม","เดชอุดม",,"กรกฎาคม","2569","1","1"
"41587","13490841","1539","A05101","9802020005106725","22","3.1.2","ข้างโรงสูบน้ำแรงสูง","3","แรงสูง","0.1623","0","45.19","43.15","42.72","19225.32","8280.21","5059.08","5886.03","3027","19225.32","8868.99","60504","312.24","3120.27","0","-27.48","72778.02","5094.46","77872.48","0","140","0.14","0","../WebScript/Upload/Electric/13490841_384670_11082026083453.jpg","","0","0","0","44148","41587","13490841","1010","22","2190917000","9","22","2190917000","5511018","0","75","363","202607","256907","2569","10","31","20260731","พลังงานไฟฟ้าตามใบแจ้งหนี้","การประปาส่วนภูมิภาคสาขาแม่ฮ่องสอน","กปภ.สาขาแม่ฮ่องสอน","แม่ฮ่องสอน","การประปาส่วนภูมิภาคสาขาแม่ฮ่องสอน","กปภ.สาขาแม่ฮ่องสอน","แม่ฮ่องสอน",,"กรกฎาคม","2569","1","1"
"41766","13491018","420","20665316","9026020003898989","704","3.2.2","การประปาส่วนภูมิภาคสาขาปราณบุรี","11","สำนักงาน-แรงสูง-บ้านพัก","0.1623","0","111.04","100.09","103.22","44119.01","13293.57","15099.93","15725.51","1017","44119.01","14760.55","135879.14","312.24","7160.52","0","0","158112.45","11067.87","169180.32","0","0","0","0","../WebScript/Upload/Electric/13491018_382379_03082026150850.jpg","","1017","0","0","50211","41766","13491018","1199","703","2490331000","3","703","2490331000","5542030","0","75","363","202607","256907","2569","10","31","20260731","พลังงานไฟฟ้าตามใบแจ้งหนี้","การประปาส่วนภูมิภาคสาขาปราณบุรี","กปภ.สาขาปราณบุรี","ปราณบุรี","การประปาส่วนภูมิภาคสาขาปราณบุรี","กปภ.สาขาปราณบุรี","ปราณบุรี",,"กรกฎาคม","2569","1","1"
"41734","13490988","51","27661233","GNNK9805 020000544739","604","3.2.2","โรงกรองน้ำ นครนายก","2","โรงกรอง","0.1623","0","215.22","215.22","207.54","119487","47406.63","34012.86","38067.51","4873","119487","28609.19","386020.26","312.24","19392.74","0","0","434334.43","30403.41","464737.84","0","0","0","0","../WebScript/Upload/Electric/13490988_384628_08082026093954.jpg","","0","0","0","49302","41734","13490988","1166","603","2490229000","2","603","2490229000","5541027","0","75","363","202607","256907","2569","10","31","20260731","พลังงานไฟฟ้าตามใบแจ้งหนี้","การประปาส่วนภูมิภาคสาขานครนายก","กปภ.สาขานครนายก","นครนายก","การประปาส่วนภูมิภาคสาขานครนายก","กปภ.สาขานครนายก","นครนายก",,"กรกฎาคม","2569","1","1"
"41676","13490930","528","H07101","9816020002009553","408","4.2.2","สถานีผลิตน้ำบางพระ 1","2","โรงกรอง","0.1623","0","711.14","711.14","703.15","412940","157049.84","112763.46","143126.7","500","412940","94531.84","1323342.03","312.24","67020.16","0","0","1485206.27","103964.44","1589170.71","0","0","0","0","../WebScript/Upload/Electric/13490930_381656_22082026160449.jpg","","0","0","0","47482","41676","13490930","1102","407","2390111000","1","407","2390111000","5531011","0","75","363","202607","256907","2569","10","31","20260731","พลังงานไฟฟ้าตามใบแจ้งหนี้","การประปาส่วนภูมิภาคสาขาชลบุรี (ชั้นพิเศษ)","กปภ.สาขาชลบุรี(ชั้นพิเศษ)","ชลบุรี","การประปาส่วนภูมิภาคสาขาชลบุรี (ชั้นพิเศษ)","กปภ.สาขาชลบุรี(ชั้นพิเศษ)","ชลบุรี",,"กรกฎาคม","2569","1","1"
"41676","13490930","530","H01101","9812020002048075","408","3.2.2","สถานีจ่ายน้ำบางแสน","7","สถานีจ่ายน้ำ","0.1623","0","274.7","268.78","272.72","139128","47215.35","40328.21","51584.44","1876","139128","36515.87","436857.28","312.24","22580.47","0","0","496265.86","34738.61","531004.47","0","0","0","0","../WebScript/Upload/Electric/13490930_381658_13082026145436.jpg","","0","0","0","47482","41676","13490930","1102","407","2390111000","1","407","2390111000","5531011","0","75","363","202607","256907","2569","10","31","20260731","พลังงานไฟฟ้าตามใบแจ้งหนี้","การประปาส่วนภูมิภาคสาขาชลบุรี (ชั้นพิเศษ)","กปภ.สาขาชลบุรี(ชั้นพิเศษ)","ชลบุรี","การประปาส่วนภูมิภาคสาขาชลบุรี (ชั้นพิเศษ)","กปภ.สาขาชลบุรี(ชั้นพิเศษ)","ชลบุรี",,"กรกฎาคม","2569","1","1"
"41607","13490861","670","A14101","9801 020005556693","87","3.1.2","โรงกรองน้ำประปาจอมทอง","3","แรงสูง","0.1623","0","45.16","41.57","43.43","17068.39","7463.65","4242.83","5361.91","2571","17068.39","8863.1","53715.93","312.24","2770.2","0","-270.84","65390.63","4577.34","69967.97","0","1367","1.38","0","../WebScript/Upload/Electric/13490861_382316_03082026131212.jpg","","0","0","0","44783","41607","13490861","1030","86","2190937000","9","86","2190937000","5511017","0","75","363","202607","256907","2569","10","31","20260731","พลังงานไฟฟ้าตามใบแจ้งหนี้","การประปาส่วนภูมิภาคสาขาจอมทอง","กปภ.สาขาจอมทอง","จอมทอง","การประปาส่วนภูมิภาคสาขาจอมทอง","กปภ.สาขาจอมทอง","จอมทอง",,"กรกฎาคม","2569","1","1"
"41599","13490853","639","A06101","9802020005950997","61","2.1.1","สำนักงาน","1","สำนักงาน","0.1623","0","19.55","16.57","7.87","4130.5","2639.07","866.66","624.77","941","4130.5","16144.48","0","312.24","670.38","0","0","17127.1","1198.9","18326","0","0","0","0","../WebScript/Upload/Electric/13490853_381947_31072026113931.jpg"," หน่วยไฟฟ้าตู้น้ำดื่ม RO ประจำเดือน ก.ค. 2569 จำนวน 0 หน่วย","0","0","0","44536","41599","13490853","1022","61","2190929000","9","61","2190929000","5511030","0","75","363","202607","256907","2569","10","31","20260731","พลังงานไฟฟ้าตามใบแจ้งหนี้","การประปาส่วนภูมิภาคสาขาพะเยา","กปภ.สาขาพะเยา","พะเยา","การประปาส่วนภูมิภาคสาขาพะเยา","กปภ.สาขาพะเยา","พะเยา",,"กรกฎาคม","2569","1","0"
"41819","13495995","607","D03101","9046 020015126844","874","3.1.2","สำนักงาน","1","สำนักงาน","0.1623","0","185.34","166.64","37.39","35918.01","17976.9","12627.58","5313.53","206","35918.01","36374.83","113037.57","312.24","5829.49","0","0","155554.13","10888.79","166442.92","0","0","0","0","../WebScript/Upload/Electric/13495995_385119_15082026115015.jpg","","0","0","0","46680","41819","13495995","1059","874","2290690000","6","874","2290690000","5521000","0","75","363","202607","256907","2569","10","31","20260731","พลังงานไฟฟ้าตามใบแจ้งหนี้","สำนักงาน  กปภ.ข. 6","สนง.เขต 6","สนง.ข.6","สำนักงาน  กปภ.ข. 6","สนง.เขต 6","สนง.ข.6",,"กรกฎาคม","2569","1","0"
"41694","13490948","164","27667307","9805020000674729","458","3.2.2","สถานีผลิตน้ำ แม่ข่ายวัฒนานคร ม.10 ถ.วัฒนา-แซร์ออ ต.วัฒนานคร อ.วัฒนานคร จ.สระแก้ว","2","โรงกรอง","0.1623","0","94.07","138.07","175.25","30642.01","6440.97","13739.21","10461.83","1670","30642.01","12504.73","89960.6","312.24","4973.2","616.77","0","108367.54","7585.73","115953.27","0","0","0","0","../WebScript/Upload/Electric/13490948_384244_06082026135419.jpg","","0","0","0","47958","41694","13490948","1120","457","2390129000","1","457","2390129000","5531029","0","75","363","202607","256907","2569","10","31","20260731","พลังงานไฟฟ้าตามใบแจ้งหนี้","การประปาส่วนภูมิภาคสาขาวัฒนานคร","กปภ.สาขาวัฒนานคร","วัฒนานคร","การประปาส่วนภูมิภาคสาขาวัฒนานคร","กปภ.สาขาวัฒนานคร","วัฒนานคร",,"กรกฎาคม","2569","1","1"
"41700","13490954","936","E12101","9801 020011123366","477","3.2.2","สำนักงาน(แรงต่ำ)","4","แรงต่ำ","0.1623","0","97.2","96.02","91.51","59881.38","21910.16","19355.19","18616.03","1796","59881.38","12920.8","190535.56","312.24","9718.75","0","0","213487.35","14944.11","228431.46","0","0","0","0","../WebScript/Upload/Electric/13490954_385124_16082026104006.jpg","","0","0","0","48134","41700","13490954","1127","476","2390813000","8","476","2390813000","5532013","0","75","363","202607","256907","2569","10","31","20260731","พลังงานไฟฟ้าตามใบแจ้งหนี้","การประปาส่วนภูมิภาคสาขาเดชอุดม","กปภ.สาขาเดชอุดม","เดชอุดม","การประปาส่วนภูมิภาคสาขาเดชอุดม","กปภ.สาขาเดชอุดม","เดชอุดม",,"กรกฎาคม","2569","1","1"
"41669","13490923","1623","D05101","9824020015203124","370","3.2.2","มุมรั้วหน้าสถานีเพิ่มแรงดันกกส้มโฮง","8","สถานีปรับแรงดัน","0.1623","0","80.02","78.4","79.36","40589.87","15935.85","11658.32","12995.7","224","40589.87","10637.06","130865.67","312.24","6587.74","0","0","148402.71","10388.19","158790.9","0","0","0","0","../WebScript/Upload/Electric/13490923_381409_04082026134821.jpg","","0","0","0","47200","41669","13490923","1092","369","2290724000","7","369","2290724000","5522024","0","75","363","202607","256907","2569","10","31","20260731","พลังงานไฟฟ้าตามใบแจ้งหนี้","การประปาส่วนภูมิภาคสาขาสกลนคร","กปภ.สาขาสกลนคร","สกลนคร","การประปาส่วนภูมิภาคสาขาสกลนคร","กปภ.สาขาสกลนคร","สกลนคร",,"กรกฎาคม","2569","1","1"
"41669","13490923","1961","D05101","9019020019405029","370","3.2.2","ติดรั้วด้านในทางเข้าสถานีผลิตน้ำดอยเชียงคูณ","2","โรงกรอง","0.1623","0","147.11","211.07","212.67","68604.99","23225.44","23257.42","22122.13","43","68604.99","19555.33","215327.68","312.24","11134.59","392.49","0","246722.33","17270.56","263992.89","0","0","0","0","../WebScript/Upload/Electric/13490923_381413_04082026140640.jpg","","0","0","0","47200","41669","13490923","1092","369","2290724000","7","369","2290724000","5522024","0","75","363","202607","256907","2569","10","31","20260731","พลังงานไฟฟ้าตามใบแจ้งหนี้","การประปาส่วนภูมิภาคสาขาสกลนคร","กปภ.สาขาสกลนคร","สกลนคร","การประปาส่วนภูมิภาคสาขาสกลนคร","กปภ.สาขาสกลนคร","สกลนคร",,"กรกฎาคม","2569","1","1"
"41647","13490901","1298","6300008750","020013883347","263","3.2.2","โรงกรองน้ำหนองสังข์","11","สำนักงาน-แรงสูง-บ้านพัก","0.1623","0","95.82","174.71","86.09","33385","11105.52","11944.83","10334.65","3687","33385","12737.35","104473.46","312.24","5418.39","0","0","122941.44","8605.9","131547.34","0","0","0","0","../WebScript/Upload/Electric/13490901_384571_07082026145126.png","","0","0","0","46337","41647","13490901","1073","262","2290624000","6","262","2290624000","5521024","0","75","363","202607","256907","2569","10","31","20260731","พลังงานไฟฟ้าตามใบแจ้งหนี้","การประปาส่วนภูมิภาคสาขาชัยภูมิ","กปภ.สาขาชัยภูมิ","ชัยภูมิ","การประปาส่วนภูมิภาคสาขาชัยภูมิ","กปภ.สาขาชัยภูมิ","ชัยภูมิ",,"กรกฎาคม","2569","1","1"
"41724","13490978","100","23058684","9803 020006881589","574","3.2.2","สถานีผลิต-จ่ายน้ำชัยบาดาล","2","โรงกรอง","1.1623","0","155.81","157.3","157.3","53974","21380.86","15193.23","17399.91","3946","53974","20711.82","174318.14","312.24","8759.98","0","0","204102.18","14287.15","218389.33","0","0","0","0","../WebScript/Upload/Electric/13490978_382096_03082026105230.jpg","","0","0","0","49017","41724","13490978","1154","573","2490217000","2","573","2490217000","5541017","0","75","363","202607","256907","2569","10","31","20260731","พลังงานไฟฟ้าตามใบแจ้งหนี้","การประปาส่วนภูมิภาคสาขาชัยบาดาล","กปภ.สาขาชัยบาดาล","ชัยบาดาล","การประปาส่วนภูมิภาคสาขาชัยบาดาล","กปภ.สาขาชัยบาดาล","ชัยบาดาล",,"กรกฎาคม","2569","1","1"
"41820","13503728","1834","D15101","020016127904","875","3.1.2","สำนักงาน 1","1","สำนักงาน","0.1623","0","81.12","69.07","34.36","21217.99","12155.89","5638.46","3423.64","7061","21217.99","15920.61","66775.14","312.24","3443.68","0","0","86451.67","6051.62","92503.29","0","0","0","0","../WebScript/Upload/Electric/13503728_385464_21082026180252.jpg","","0","0","0","47470","41820","13503728","1078","875","2290790000","7","875","2290790000","5522000","0","75","363","202607","256907","2569","10","31","20260731","พลังงานไฟฟ้าตามใบแจ้งหนี้","สำนักงาน  กปภ.ข. 7","สนง.เขต 7","สนง.ข.7","สำนักงาน  กปภ.ข. 7","สนง.เขต 7","สนง.ข.7",,"กรกฎาคม","2569","1","0"
"41698","13490952","787","E01101","9804 020012649802","469","4.2.2","ท่าวังหิน","10","แรงต่ำ-แรงสูง","0.1623","0","431.36","431.36","433.36","180614","63266.82","53940.56","63406.62","266","180614","57340.68","570238.9","312.24","29313.65","616.77","0","657822.24","46047.56","703869.8","0","0","0","0","../WebScript/Upload/Electric/13490952_381717_10082026182600.jpg","","0","0","0","48067","41698","13490952","1125","469","2390811000","8","469","2390811000","5532011","0","75","363","202607","256907","2569","10","31","20260731","พลังงานไฟฟ้าตามใบแจ้งหนี้","การประปาส่วนภูมิภาคสาขาอุบลราชธานี","กปภ.สาขาอุบลราชธานี","อุบลราชธานี","การประปาส่วนภูมิภาคสาขาอุบลราชธานี","กปภ.สาขาอุบลราชธานี","อุบลราชธานี",,"กรกฎาคม","2569","1","1"
"41751","13491004","1698","27661136","02020003745068","660","4.2.2","สถานีผลิตน้ำโพธาราม","3","แรงสูง","0.1623","0","568.21","473.51","489.29","196426","59503.9","67750.79","69171.31","2694","196426","75532.16","605462.44","312.24","31879.94","0","0","713186.78","49923.07","763109.85","0","0","0","0","../WebScript/Upload/Electric/13491004_382249_13082026152016.jpg","ยกเลิกใบแจ้ง 017111001525 และใช้ฉบับนี้แทน","0","0","0","49840","41751","13491004","1184","659","2490316000","3","659","2490316000","5542016","0","75","363","202607","256907","2569","10","31","20260731","พลังงานไฟฟ้าตามใบแจ้งหนี้","การประปาส่วนภูมิภาคสาขาสมุทรสาคร(ชั้นพิเศษ)","กปภ.สาขาสมุทรสาคร(ชั้นพิเศษ)","สมุทรสาคร","การประปาส่วนภูมิภาคสาขาสมุทรสาคร(ชั้นพิเศษ)","กปภ.สาขาสมุทรสาคร(ชั้นพิเศษ)","สมุทรสาคร",,"กรกฎาคม","2569","1","1"
"41633","13490887","335","c07201","9099020006034666","205","3.2.2","สถานีผลิตน้ำแม่ข่ายวิเชียรบุรี","3","แรงสูง","0.1623","0","199.84","176.75","200.64","88560","32938.3","24538.52","31083.18","424","88560","26564.73","282632.77","312.24","14373.29","897.12","0","324780.15","22734.61","347514.76","0","0","0","0","../WebScript/Upload/Electric/13490887_384780_11082026121120.jpg","ใช้ค่าเฉลี่ย","0","0","0","45810","41633","13490887","1057","204","2191036000","10","204","2191036000","5512036","0","75","363","202607","256907","2569","10","31","20260731","พลังงานไฟฟ้าตามใบแจ้งหนี้","การประปาส่วนภูมิภาคสาขาวิเชียรบุรี","กปภ.สาขาวิเชียรบุรี","วิเชียรบุรี","การประปาส่วนภูมิภาคสาขาวิเชียรบุรี","กปภ.สาขาวิเชียรบุรี","วิเชียรบุรี",,"กรกฎาคม","2569","1","1"
"41780","13491032","840","K05201","9055020009204613","758","2.1.2","สำนักงานประปาตะกั่วป่า","1","สำนักงาน","0.1623","0","0","0","0","2205","0","0","0","440","2205","9523.88","0","33.29","357.87","0","0","9915.04","694.05","10609.09","0","0","0","0","../WebScript/Upload/Electric/13491032_384773_11082026130514.jpg","","0","0","0","50697","41780","13491032","1214","757","2590421000","4","757","2590421000","5551022","0","75","363","202607","256907","2569","10","31","20260731","พลังงานไฟฟ้าตามใบแจ้งหนี้","การประปาส่วนภูมิภาคสาขาตะกั่วป่า","กปภ.สาขาตะกั่วป่า","ตะกั่วป่า","การประปาส่วนภูมิภาคสาขาตะกั่วป่า","กปภ.สาขาตะกั่วป่า","ตะกั่วป่า",,"กรกฎาคม","2569","1","1"
"41697","13490951","325","23054051","9802 020000900636","467","3.2.2","บริเวณสถานีผลิตน้ำบ้านนางเลง (แรงสูง)","2","โรงกรอง","0.1623","0","141.49","151.03","141.49","57702","17050.67","20134.89","20516.44","370","57702","18808.27","177182.17","312.24","9365.03","841.05","0","206508.76","14455.61","220964.37","0","0","0","0","../WebScript/Upload/Electric/13490951_381042_07082026155300.png","","0","0","0","48042","41697","13490951","1123","466","2390132000","1","466","2390132000","5531032","0","75","363","202607","256907","2569","10","31","20260731","พลังงานไฟฟ้าตามใบแจ้งหนี้","การประปาส่วนภูมิภาคสาขากบินทร์บุรี","กปภ.สาขากบินทร์บุรี","กบินทร์บุรี","การประปาส่วนภูมิภาคสาขากบินทร์บุรี","กปภ.สาขากบินทร์บุรี","กบินทร์บุรี",,"กรกฎาคม","2569","1","1"
"41697","13490951","327","27671656","9012 020000900621","467","2.1.1","บริเวณสำนักงานประปากบินทร์บุรี","1","สำนักงาน","0.1623","0","19.47","17.17","4.82","3716.1","2472.51","822.43","421.16","543","3716.1","14524.74","0","312.24","603.12","0","0","15440.1","1080.81","16520.91","0","0","0","0","../WebScript/Upload/Electric/13490951_381044_07082026155939.png","","0","0","0","48042","41697","13490951","1123","466","2390132000","1","466","2390132000","5531032","0","75","363","202607","256907","2569","10","31","20260731","พลังงานไฟฟ้าตามใบแจ้งหนี้","การประปาส่วนภูมิภาคสาขากบินทร์บุรี","กปภ.สาขากบินทร์บุรี","กบินทร์บุรี","การประปาส่วนภูมิภาคสาขากบินทร์บุรี","กปภ.สาขากบินทร์บุรี","กบินทร์บุรี",,"กรกฎาคม","2569","1","1"
"41775","13491027","252","K09201","9801020008961815","740","3.2.2","สถานีผลิตและจ่ายน้ำ (แม่ข่ายไชยา)","3","แรงสูง","0.1623","0","45.27","45.38","44.64","21619.57","9143.34","5794","6682.23","3339","21619.57","6017.74","70739.21","312.24","3508.86","0","0","80578.05","5640.46","86218.51","0","0","0","0","../WebScript/Upload/Electric/13491027_384147_06082026094725.jpg","กว. P52.26 OP52.39 H51.53
หักมิเตอร์ย่อย 3339 หน่วย","0","0","0","50540","41775","13491027","1209","739","2590416000","4","739","2590416000","5551016","0","75","363","202607","256907","2569","10","31","20260731","พลังงานไฟฟ้าตามใบแจ้งหนี้","การประปาส่วนภูมิภาคสาขาไชยา","กปภ.สาขาไชยา","ไชยา","การประปาส่วนภูมิภาคสาขาไชยา","กปภ.สาขาไชยา","ไชยา",,"กรกฎาคม","2569","1","1"
"41828","13491065","1518"," L12201","9802020007666311","893","3.2.2","สำนักงาน กปภ.สาขาพังลา (บริเวณด้านซ้ายมือประตูทางเข้าสำนักงาน)","5","สำนักงาน-แรงสูง","0.1623","0","67.39","60.88","68.29","32690.21","13579.56","8499.14","10611.51","42","32690.21","8958.15","106573.92","312.24","5305.62","0","0","121149.93","8480.5","129630.43","0","0","0","0","../WebScript/Upload/Electric/13491065_383846_05082026152111.jpg","หน่วยไฟฟ้าใช้สำนักงาน บ้านพัก คิด 10%","3269.02","0","0","51241","41828","13491065","1230","892","2590515000","5","892","2590515000","5552030","0","75","363","202607","256907","2569","10","31","20260731","พลังงานไฟฟ้าตามใบแจ้งหนี้","การประปาส่วนภูมิภาคสาขาพังลา","กปภ.สาขาพังลา","พังลา","การประปาส่วนภูมิภาคสาขาพังลา","กปภ.สาขาพังลา","พังลา",,"กรกฎาคม","2569","1","1"
"41714","13490968","896","E02101","ESJK9805-020010970649","529","3.1.2","สำนักงาน","1","สำนักงาน","0.1623","0","23.83","17.94","24.11","4808","2837.14","1083.55","887.31","2052","4808","4731.83","15131.26","312.24","780.34","0","0","20955.67","1466.9","22422.57","0","0","0","0","../WebScript/Upload/Electric/13490968_384249_13082026152748.jpg","","0","0","0","48638","41714","13490968","1144","528","2390830000","8","528","2390830000","5532028","0","75","363","202607","256907","2569","10","31","20260731","พลังงานไฟฟ้าตามใบแจ้งหนี้","การประปาส่วนภูมิภาคสาขาศรีสะเกษ","กปภ.สาขาศรีสะเกษ","ศรีสะเกษ","การประปาส่วนภูมิภาคสาขาศรีสะเกษ","กปภ.สาขาศรีสะเกษ","ศรีสะเกษ",,"กรกฎาคม","2569","1","0"
"41714","13490968","1557","E02101","ESJK9805-020010975014","529","3.2.2","โรงกรองน้ำแม่ข่าย","11","สำนักงาน-แรงสูง-บ้านพัก","0.1623","0","269.27","267.28","267.28","136531","56387.6","32153.1","47990.3","369","136531","35794.06","444589.45","312.24","22158.98","0","0","502854.73","35199.83","538054.56","0","0","0","0","../WebScript/Upload/Electric/13490968_384250_13082026150644.jpg","","369","0","0","48638","41714","13490968","1144","528","2390830000","8","528","2390830000","5532028","0","75","363","202607","256907","2569","10","31","20260731","พลังงานไฟฟ้าตามใบแจ้งหนี้","การประปาส่วนภูมิภาคสาขาศรีสะเกษ","กปภ.สาขาศรีสะเกษ","ศรีสะเกษ","การประปาส่วนภูมิภาคสาขาศรีสะเกษ","กปภ.สาขาศรีสะเกษ","ศรีสะเกษ",,"กรกฎาคม","2569","1","0"
"41612","13490866","1080","27709276","9812020006714545","108","2.1.1","สำนักงาน","1","สำนักงาน","0.1623","0","13.55","6.27","4.23","2809.9","1923.51","474.21","412.18","1172","2809.9","10982.77","0","312.24","456.05","0","0","11751.06","822.57","12573.63","0","0","0","0","../WebScript/Upload/Electric/13490866_382327_03082026121114.jpg","","0","0","0","44970","41612","13490866","1036","108","2191015000","10","108","2191015000","5512015","0","75","363","202607","256907","2569","10","31","20260731","พลังงานไฟฟ้าตามใบแจ้งหนี้","การประปาส่วนภูมิภาคสาขาชัยนาท","กปภ.สาขาชัยนาท","ชัยนาท","การประปาส่วนภูมิภาคสาขาชัยนาท","กปภ.สาขาชัยนาท","ชัยนาท",,"กรกฎาคม","2569","1","1"
"41752","13491005","369","I09101","9013020003441628","664","3.2.2","ปากทางเข้าสำนักงาน","1","สำนักงาน","0.1623","0","24.25","23.36","14.09","6830.59","3675.49","1863.15","1291.95","2548","6830.59","3223.55","23592.82","312.24","1108.6","0","0","28237.21","1976.6","30213.81","0","0","0","0","../WebScript/Upload/Electric/13491005_379690_03082026144405.jpg","","0","0","0","49861","41752","13491005","1185","663","2490317000","3","663","2490317000","5542017","0","75","363","202607","256907","2569","10","31","20260731","พลังงานไฟฟ้าตามใบแจ้งหนี้","การประปาส่วนภูมิภาคสาขาอ้อมน้อย","กปภ.สาขาอ้อมน้อย","อ้อมน้อย","การประปาส่วนภูมิภาคสาขาอ้อมน้อย","กปภ.สาขาอ้อมน้อย","อ้อมน้อย",,"กรกฎาคม","2569","1","1"
"41722","13490976","113","23051353","9801 020007049560","568","4.2.2","โรงกรองน้ำ พิบูลฯ 2 (บน. 2)","3","แรงสูง","0.1623","0","477.73","477.73","475.74","179494","62540.43","57168.49","59785.08","1606","179494","566174.92","63404.65","312.24","29131.88","0","0","659123.69","46138.66","705262.35","0","0","0","0","../WebScript/Upload/Electric/13490976_381274_07082026104728.jpg","","0","0","0","48957","41722","13490976","1152","567","2490215000","2","567","2490215000","5541015","0","75","363","202607","256907","2569","10","31","20260731","พลังงานไฟฟ้าตามใบแจ้งหนี้","การประปาส่วนภูมิภาคสาขาลพบุรี","กปภ.สาขาลพบุรี","ลพบุรี","การประปาส่วนภูมิภาคสาขาลพบุรี","กปภ.สาขาลพบุรี","ลพบุรี",,"กรกฎาคม","2569","1","1"
"41722","13490976","115","23051350","9801 020007049439","568","3.2.2","โรงกรองน้ำ ลพบุรี","3","แรงสูง","0.1623","0","176.64","172.17","147.57","78057","34545.42","19721.08","23790.5","5727","78057","23480.76","257825.68","312.24","12668.65","0","0","294287.33","20600.11","314887.44","0","0","0","0","../WebScript/Upload/Electric/13490976_381276_07082026104832.jpg","","0","0","0","48957","41722","13490976","1152","567","2490215000","2","567","2490215000","5541015","0","75","363","202607","256907","2569","10","31","20260731","พลังงานไฟฟ้าตามใบแจ้งหนี้","การประปาส่วนภูมิภาคสาขาลพบุรี","กปภ.สาขาลพบุรี","ลพบุรี","การประปาส่วนภูมิภาคสาขาลพบุรี","กปภ.สาขาลพบุรี","ลพบุรี",,"กรกฎาคม","2569","1","1"
"41722","13490976","114","23059215","9801 020007049479","568","3.2.2","แรงต่ำ สะพาน 7","4","แรงต่ำ","0.1623","0","114.18","113.38","114.98","79750","28712.56","24720.26","26317.18","154","79750","15177.95","252526.66","312.24","12943.43","168.21","0","281618.49","19713.29","301331.78","0","0","0","0","../WebScript/Upload/Electric/13490976_381275_07082026104759.jpg","","0","0","0","48957","41722","13490976","1152","567","2490215000","2","567","2490215000","5541015","0","75","363","202607","256907","2569","10","31","20260731","พลังงานไฟฟ้าตามใบแจ้งหนี้","การประปาส่วนภูมิภาคสาขาลพบุรี","กปภ.สาขาลพบุรี","ลพบุรี","การประปาส่วนภูมิภาคสาขาลพบุรี","กปภ.สาขาลพบุรี","ลพบุรี",,"กรกฎาคม","2569","1","1"
"41767","13491019","431","J08102","9801020003901734","706","3.2.2","สถานีจ่ายน้ำไร่ใหม่-ไร่เก่า","7","สถานีจ่ายน้ำ","0.1623","0","109.34","110.13","108.54","34253","12537.62","9624.68","12090.7","83","34253","14534.57","108996.48","312.24","5559.26","0","0","129402.55","9058.18","138460.73","0","0","0","0","../WebScript/Upload/Electric/13491019_383587_04082026102312.png","","0","0","0","50232","41767","13491019","1200","705","2490332000","3","705","2490332000","5542031","0","75","363","202607","256907","2569","10","31","20260731","พลังงานไฟฟ้าตามใบแจ้งหนี้","การประปาส่วนภูมิภาคสาขากุยบุรี","กปภ.สาขากุยบุรี","กุยบุรี","การประปาส่วนภูมิภาคสาขากุยบุรี","กปภ.สาขากุยบุรี","กุยบุรี",,"กรกฎาคม","2569","1","1"
"41616","13490870","735","B03101","9809020010457801","131","3.2.2","แรงต่ำตาก","4","แรงต่ำ","0.1623","0","203.49","204.68","206.26","88396","27746.47","27726.63","32922.9","744","88396","27049.93","274001.64","312.24","14346.67","280.35","0","315990.83","22119.36","338110.19","0","0","0","0","../WebScript/Upload/Electric/13490870_384088_11082026104556.jpg","","0","0","0","45167","41616","13490870","1040","131","2191019000","10","131","2191019000","5512019","0","75","363","202607","256907","2569","10","31","20260731","พลังงานไฟฟ้าตามใบแจ้งหนี้","การประปาส่วนภูมิภาคสาขาตาก","กปภ.สาขาตาก","ตาก","การประปาส่วนภูมิภาคสาขาตาก","กปภ.สาขาตาก","ตาก",,"กรกฎาคม","2569","1","1"
"41616","13490870","736","B03201","9005020009700872","131","3.2.2","บ้านตาก","3","แรงสูง","0.1623","0","48.34","55.79","57.12","24945.67","9293.29","7287.11","8365.27","68","24945.67","6425.84","79363.27","312.24","4048.68","0","0","90423.03","6329.61","96752.64","0","0","0","0","../WebScript/Upload/Electric/13490870_384089_11082026103758.jpg","","0","0","0","45167","41616","13490870","1040","131","2191019000","10","131","2191019000","5512019","0","75","363","202607","256907","2569","10","31","20260731","พลังงานไฟฟ้าตามใบแจ้งหนี้","การประปาส่วนภูมิภาคสาขาตาก","กปภ.สาขาตาก","ตาก","การประปาส่วนภูมิภาคสาขาตาก","กปภ.สาขาตาก","ตาก",,"กรกฎาคม","2569","1","1"
"41616","13490870","737","B03102","9042020009885961","131","3.2.2","วังเจ้า","3","แรงสูง","0.1623","0","47.49","45.54","47.62","26861.83","10034.04","8067.16","8760.63","68","26861.83","6312.85","85795.94","312.24","4359.68","280.35","0","97061.06","6794.27","103855.33","0","0","0","0","../WebScript/Upload/Electric/13490870_384090_05082026161032.jpg","","0","0","0","45167","41616","13490870","1040","131","2191019000","10","131","2191019000","5512019","0","75","363","202607","256907","2569","10","31","20260731","พลังงานไฟฟ้าตามใบแจ้งหนี้","การประปาส่วนภูมิภาคสาขาตาก","กปภ.สาขาตาก","ตาก","การประปาส่วนภูมิภาคสาขาตาก","กปภ.สาขาตาก","ตาก",,"กรกฎาคม","2569","1","1"
"41767","13491019","435","J04102","9802020004175833","706","3.2.2","734 ม.7 ต.กุยบุรี อ.กุยบุรี จ.ประจวบ","11","สำนักงาน-แรงสูง-บ้านพัก","0.1623","0","255.38","239.54","233.6","87561.01","25379.43","33892.03","28289.55","899","87561.01","33947.66","268087.15","312.24","14211.15","336.42","0","316894.65","22182.62","339077.24","0","0","0","0","../WebScript/Upload/Electric/13491019_383589_04082026104933.png","","0","0","0","50232","41767","13491019","1200","705","2490332000","3","705","2490332000","5542031","0","75","363","202607","256907","2569","10","31","20260731","พลังงานไฟฟ้าตามใบแจ้งหนี้","การประปาส่วนภูมิภาคสาขากุยบุรี","กปภ.สาขากุยบุรี","กุยบุรี","การประปาส่วนภูมิภาคสาขากุยบุรี","กปภ.สาขากุยบุรี","กุยบุรี",,"กรกฎาคม","2569","1","1"
"41766","13491018","423","27665849","9802020004404677","703","3.2.2","สถานีจ่ายน้ำย่อยปากน้ำปราณบุรี","7","สถานีจ่ายน้ำ","0.1623","0","108.19","108.19","108.19","46417.01","17461.07","13284.73","15671.21","263","46417.01","14381.7","148447.92","312.24","7533.48","168.21","0","170843.55","11959.05","182802.6","0","0","0","0","../WebScript/Upload/Electric/13491018_382359_03082026145220.jpg","","0","0","0","50211","41766","13491018","1199","703","2490331000","3","703","2490331000","5542030","0","75","363","202607","256907","2569","10","31","20260731","พลังงานไฟฟ้าตามใบแจ้งหนี้","การประปาส่วนภูมิภาคสาขาปราณบุรี","กปภ.สาขาปราณบุรี","ปราณบุรี","การประปาส่วนภูมิภาคสาขาปราณบุรี","กปภ.สาขาปราณบุรี","ปราณบุรี",,"กรกฎาคม","2569","1","1"
"41766","13491018","422","27665842","9804020003977464","703","3.2.2","โรงสูบน้ำแรงต่ำ(บ้านปลายน้ำ)","4","แรงต่ำ","0.1623","0","183.24","182.44","186.83","104590","35362.35","28268.32","409590","206","104590","24358.09","328200.57","312.24","16974.96","0","0","369845.86","25889.21","395735.07","0","0","0","0","../WebScript/Upload/Electric/13491018_382358_13082026161924.jpg","","0","0","0","50211","41766","13491018","1199","703","2490331000","3","703","2490331000","5542030","0","75","363","202607","256907","2569","10","31","20260731","พลังงานไฟฟ้าตามใบแจ้งหนี้","การประปาส่วนภูมิภาคสาขาปราณบุรี","กปภ.สาขาปราณบุรี","ปราณบุรี","การประปาส่วนภูมิภาคสาขาปราณบุรี","กปภ.สาขาปราณบุรี","ปราณบุรี",,"กรกฎาคม","2569","1","1"
"41694","13490948","2980","27685742","9804020020897318","457","3.2.2","สถานีจ่ายน้ำบ้านเสาสูง","3","แรงสูง","0.1623","0","76.86","77.51","77.83","9903.06","3700.93","2970.27","3231.86","106","9903.06","10217","31632.78","312.24","1607.27","0","0","43769.29","3063.85","46833.14","0","0","0","0","../WebScript/Upload/Electric/13490948_384242_06082026135611.jpg","","0","0","0","47958","41694","13490948","1120","457","2390129000","1","457","2390129000","5531029","0","75","363","202607","256907","2569","10","31","20260731","พลังงานไฟฟ้าตามใบแจ้งหนี้","การประปาส่วนภูมิภาคสาขาวัฒนานคร","กปภ.สาขาวัฒนานคร","วัฒนานคร","การประปาส่วนภูมิภาคสาขาวัฒนานคร","กปภ.สาขาวัฒนานคร","วัฒนานคร",,"กรกฎาคม","2569","1","1"
"41766","13491018","1545","90280434","9711020003668734","703","3.2.2","สถานีผลิตน้ำเขาเสวยราชย์","2","โรงกรอง","0.1623","0","410.47","396.11","410.47","216818","66105.68","72125.07","78587.25","598","216818","54563.78","668989.23","312.24","35189.56","0","0","759054.81","53133.84","812188.65","0","0","0","0","../WebScript/Upload/Electric/13491018_382360_03082026150337.jpg","","0","0","0","50211","41766","13491018","1199","703","2490331000","3","703","2490331000","5542030","0","75","363","202607","256907","2569","10","31","20260731","พลังงานไฟฟ้าตามใบแจ้งหนี้","การประปาส่วนภูมิภาคสาขาปราณบุรี","กปภ.สาขาปราณบุรี","ปราณบุรี","การประปาส่วนภูมิภาคสาขาปราณบุรี","กปภ.สาขาปราณบุรี","ปราณบุรี",,"กรกฎาคม","2569","1","1"
"41742","13490996","140","6000549314","9810 020014034923","635","3.2.2","โรงกรองน้ำ ช่องโค","2","โรงกรอง","0.1623","0","38.41","58.34","57.69","15223.49","4933","5186.81","5103.68","561","15223.49","5105.84","47432.55","312.24","2470.77","0","0","55321.4","3872.5","59193.9","0","0","0","0","../WebScript/Upload/Electric/13490996_379536_03082026143638.jpg","","0","0","0","49556","41742","13490996","1174","631","2490237000","2","631","2490237000","5541035","0","75","363","202607","256907","2569","10","31","20260731","พลังงานไฟฟ้าตามใบแจ้งหนี้","การประปาส่วนภูมิภาคสาขาพิมาย","กปภ.สาขาพิมาย","พิมาย","การประปาส่วนภูมิภาคสาขาพิมาย","กปภ.สาขาพิมาย","พิมาย",,"กรกฎาคม","2569","1","1"
"41641","13490895","902","D12201","9815020014537780","241","3.2.2","สถานีจ่ายน้ำโนนสะอาด","7","สถานีจ่ายน้ำ","0.1623","0","35.45","34.17","34.94","21356.98","7802.79","6637.76","6916.43","62","21356.98","4712.37","67937.13","312.24","3466.24","168.21","0","76596.19","5361.73","81957.92","0","0","0","0","../WebScript/Upload/Electric/13490895_384269_09082026101730.jpg","","0","0","0","46122","41641","13490895","1067","240","2290618000","6","240","2290618000","5521018","0","75","363","202607","256907","2569","10","31","20260731","พลังงานไฟฟ้าตามใบแจ้งหนี้","การประปาส่วนภูมิภาคสาขาเมืองพล","กปภ.สาขาเมืองพล","เมืองพล","การประปาส่วนภูมิภาคสาขาเมืองพล","กปภ.สาขาเมืองพล","เมืองพล",,"กรกฎาคม","2569","1","1"
"41808","13491059","358","L10101","9803020007425872","849","3.2.2","โรงสูบน้ำแรงสูงสายบุรี","3","แรงสูง","0.1623","0","20.65","36.01","59.99","8232.12","3600","2152","2479.42","424","8232.12","2745","27122.8","312.24","1336.07","0","0","31516","2206.12","33722.12","0","0","0","0","../WebScript/Upload/Electric/13491059_382102_03082026102008.jpg","22.10%","832.31","0","0","51538","41808","13491059","1240","849","2590525000","5","849","2590525000","5552026","0","75","363","202607","256907","2569","10","31","20260731","พลังงานไฟฟ้าตามใบแจ้งหนี้","การประปาส่วนภูมิภาคสาขาสายบุรี","กปภ.สาขาสายบุรี","สายบุรี","การประปาส่วนภูมิภาคสาขาสายบุรี","กปภ.สาขาสายบุรี","สายบุรี",,"กรกฎาคม","2569","1","1"
"41799","13491050","215","L11101","9801020007839511","818","3.2.2","สถานีผลิตน้ำระโนด (แม่ข่าย)","10","แรงต่ำ-แรงสูง","0.1623","0","23.22","50.81","45.34","13058.55","4032.57","5106.78","3919.2","2545","13058.55","3086.63","40372.81","312.24","2119.4","0","0","45891.08","3212.38","49103.46","0","0","0","0","../WebScript/Upload/Electric/13491050_381474_03082026173648.jpg","","9140.98","0","0","51263","41799","13491050","1231","817","2590516000","5","817","2590516000","5552015","0","75","363","202607","256907","2569","10","31","20260731","พลังงานไฟฟ้าตามใบแจ้งหนี้","การประปาส่วนภูมิภาคสาขาระโนด","กปภ.สาขาระโนด","ระโนด","การประปาส่วนภูมิภาคสาขาระโนด","กปภ.สาขาระโนด","ระโนด",,"กรกฎาคม","2569","1","1"
"41796","13491048","233","L12101","020007971517","810","2.1.1","สำนักงานประปาสะเดา","1","สำนักงาน","0.1623","0","16.28","7.6","3.26","3495","2181.66","759.78","553.56","369","3495","13660.56","0","312.24","567.24","0","0","14540.04","1017.8","15557.84","0","0","0","0","../WebScript/Upload/Electric/13491048_384072_07082026144751.jpg","","0","0","0","51190","41796","13491048","1228","809","2590513000","5","809","2590513000","5552013","0","75","363","202607","256907","2569","10","31","20260731","พลังงานไฟฟ้าตามใบแจ้งหนี้","การประปาส่วนภูมิภาคสาขาสะเดา","กปภ.สาขาสะเดา","สะเดา","การประปาส่วนภูมิภาคสาขาสะเดา","กปภ.สาขาสะเดา","สะเดา",,"กรกฎาคม","2569","1","1"
"41796","13491048","234","L12101","020007924958","810","4.2.2","สถานีผลิตน้ำควนพลา","10","แรงต่ำ-แรงสูง","0.1623","0","346.33","544.23","526.24","181620.99","43808.53","72234.6","65577.86","89","181620.99","46037.65","542112.84","312.24","29477.09","0","0","617939.82","43255.79","661195.61","0","0","0","0","../WebScript/Upload/Electric/13491048_384073_07082026144921.jpg","แรงสูง75% แรงต่ำ25%","136215.74","0","0","51190","41796","13491048","1228","809","2590513000","5","809","2590513000","5552013","0","75","363","202607","256907","2569","10","31","20260731","พลังงานไฟฟ้าตามใบแจ้งหนี้","การประปาส่วนภูมิภาคสาขาสะเดา","กปภ.สาขาสะเดา","สะเดา","การประปาส่วนภูมิภาคสาขาสะเดา","กปภ.สาขาสะเดา","สะเดา",,"กรกฎาคม","2569","1","1"
"41676","13490930","380","H01101","9847020001983382","408","3.2.2","สถานีจ่ายน้ำเขาสุวรรณ","7","สถานีจ่ายน้ำ","0.1623","0","295.31","263.39","345.2","120999","44915.69","37053.95","39029.36","281","120999","39255.56","386020.87","312.24","19638.14","0","0","445226.81","31165.88","47632.69","0","0","0","0","../WebScript/Upload/Electric/13490930_381654_13082026144307.jpg","","0","0","0","47482","41676","13490930","1102","407","2390111000","1","407","2390111000","5531011","0","75","363","202607","256907","2569","10","31","20260731","พลังงานไฟฟ้าตามใบแจ้งหนี้","การประปาส่วนภูมิภาคสาขาชลบุรี (ชั้นพิเศษ)","กปภ.สาขาชลบุรี(ชั้นพิเศษ)","ชลบุรี","การประปาส่วนภูมิภาคสาขาชลบุรี (ชั้นพิเศษ)","กปภ.สาขาชลบุรี(ชั้นพิเศษ)","ชลบุรี",,"กรกฎาคม","2569","1","1"
"41676","13490930","529","H01101","9809020002381150","408","3.2.2","สถานีจ่ายน้ำเคหะชุมชน(เสม็ด)","7","สถานีจ่ายน้ำ","0.1623","0","149.18","146.84","149.18","70299","22131.6","22760.93","25406.47","2085","70299","19830.5","218009.86","312.24","11409.53","3308.13","0","252870.26","17700.92","270571.18","0","0","0","0","../WebScript/Upload/Electric/13490930_381657_13082026145144.jpg","","0","0","0","47482","41676","13490930","1102","407","2390111000","1","407","2390111000","5531011","0","75","363","202607","256907","2569","10","31","20260731","พลังงานไฟฟ้าตามใบแจ้งหนี้","การประปาส่วนภูมิภาคสาขาชลบุรี (ชั้นพิเศษ)","กปภ.สาขาชลบุรี(ชั้นพิเศษ)","ชลบุรี","การประปาส่วนภูมิภาคสาขาชลบุรี (ชั้นพิเศษ)","กปภ.สาขาชลบุรี(ชั้นพิเศษ)","ชลบุรี",,"กรกฎาคม","2569","1","1"
"41587","13490841","1542","A05302","9071020004954702","22","3.1.2","ข้างโรงกรองน้ำ (หน่วยบริการปางมะผ้า)","11","สำนักงาน-แรงสูง-บ้านพัก","0.1623","0","34.85","34.48","34.19","14006.38","6196.46","3264.97","4544.95","191","14006.38","6839.66","44079.48","312.24","2273.24","280.35","0","53784.97","3764.95","57549.92","0","0","0","0","../WebScript/Upload/Electric/13490841_384673_11082026084625.jpg","","0","0","0","44148","41587","13490841","1010","22","2190917000","9","22","2190917000","5511018","0","75","363","202607","256907","2569","10","31","20260731","พลังงานไฟฟ้าตามใบแจ้งหนี้","การประปาส่วนภูมิภาคสาขาแม่ฮ่องสอน","กปภ.สาขาแม่ฮ่องสอน","แม่ฮ่องสอน","การประปาส่วนภูมิภาคสาขาแม่ฮ่องสอน","กปภ.สาขาแม่ฮ่องสอน","แม่ฮ่องสอน",,"กรกฎาคม","2569","1","1"
"41669","13490923","1624","D05101","9062020015269244","370","2.1.2","ด้านหน้ารั้วสถานีเพิ่มแรงดันประปาย่อย","11","สำนักงาน-แรงสูง-บ้านพัก","0.1623","0","0","0","0","7","0","0","0","543","7","22.74","0","33.29","1.14","0","0","57.17","4","61.17","0","0","0","0","../WebScript/Upload/Electric/13490923_381410_04082026134531.jpg","","0","0","0","47200","41669","13490923","1092","369","2290724000","7","369","2290724000","5522024","0","75","363","202607","256907","2569","10","31","20260731","พลังงานไฟฟ้าตามใบแจ้งหนี้","การประปาส่วนภูมิภาคสาขาสกลนคร","กปภ.สาขาสกลนคร","สกลนคร","การประปาส่วนภูมิภาคสาขาสกลนคร","กปภ.สาขาสกลนคร","สกลนคร",,"กรกฎาคม","2569","1","1"
"41699","13490953","1744","90329368","EPBM9103 020016280185","471","2.1.1","สำนักงาน","1","สำนักงาน","0.1623","0","0","0","0","2314","2314","0","0","296","2018","9044.5","0","312.24","375.56","0","0","9732.3","681.26","10413.56","0","0","0","0","../WebScript/Upload/Electric/13490953_384748_11082026114654.jpg","","0","0","0","48090","41699","13490953","1126","471","2390812000","8","471","2390812000","5532012","0","75","363","202607","256907","2569","10","31","20260731","พลังงานไฟฟ้าตามใบแจ้งหนี้","การประปาส่วนภูมิภาคสาขาพิบูลมังสาหาร","กปภ.สาขาพิบูลมังสาหาร","พิบูลมังสาหาร","การประปาส่วนภูมิภาคสาขาพิบูลมังสาหาร","กปภ.สาขาพิบูลมังสาหาร","พิบูลมังสาหาร",,"กรกฎาคม","2569","1","1"
"41714","13490968","1888","6300409561","EKTM9812-020012080326","988","3.2.2","โรงกรองน้ำหน่วยบริการกันทรารมย์","11","สำนักงาน-แรงสูง-บ้านพัก","0.1623","0","63.41","62.21","61.81","32370.99","13036.93","7700.92","11633.14","97","32370.99","8429.09","104885.33","312.24","5253.81","280.35","0","119160.82","8341.26","127502.08","0","0","0","0","../WebScript/Upload/Electric/13490968_384261_13082026151025.jpg","","97","0","0","48638","41714","13490968","1144","528","2390830000","8","528","2390830000","5532028","0","75","363","202607","256907","2569","10","31","20260731","พลังงานไฟฟ้าตามใบแจ้งหนี้","การประปาส่วนภูมิภาคสาขาศรีสะเกษ","กปภ.สาขาศรีสะเกษ","ศรีสะเกษ","การประปาส่วนภูมิภาคสาขาศรีสะเกษ","กปภ.สาขาศรีสะเกษ","ศรีสะเกษ",,"กรกฎาคม","2569","1","0"
"41601","13490855","722","A04101","020005864628","68","4.2.2","โรงกรองน้ำวังคำ","2","โรงกรอง","0.1623","0","586.79","602.65","614.54","296129","100467.38","89802.14","105859.48","2631","296129","78001.99","929789.63","312.24","48061.74","0","0","1056165.6","73931.59","1130097.19","0","0","0","0","../WebScript/Upload/Electric/13490855_382223_04082026122003.jpg","หักมิเตอร์ย่อยบ้านพัก 2631.00 หน่วย","0","0","0","44603","41601","13490855","1024","68","2190931000","9","68","2190931000","5511032","0","75","363","202607","256907","2569","10","31","20260731","พลังงานไฟฟ้าตามใบแจ้งหนี้","การประปาส่วนภูมิภาคสาขาเชียงราย","กปภ.สาขาเชียงราย","เชียงราย","การประปาส่วนภูมิภาคสาขาเชียงราย","กปภ.สาขาเชียงราย","เชียงราย",,"กรกฎาคม","2569","0","0"
"41650","13490904","863","F02401","9018020012918858","282","3.2.2","โรงสูบน้้ำแรงสูง สนง.","5","สำนักงาน-แรงสูง","0.1623","0","65.56","59.25","47.9","25083.48","11370.42","6407.28","7305.78","604","25083.48","8714.89","83277.39","312.24","4071.05","0","0","96375.57","6746.29","103121.86","0","0","0","0","../WebScript/Upload/Electric/13490904_381858_05082026140925.jpg","","0","0","0","46468","41650","13490904","1076","281","2290627000","6","281","2290627000","5521027","0","75","363","202607","256907","2569","10","31","20260731","พลังงานไฟฟ้าตามใบแจ้งหนี้","การประปาส่วนภูมิภาคสาขาหนองบัวแดง","กปภ.สาขาหนองบัวแดง","หนองบัวแดง","การประปาส่วนภูมิภาคสาขาหนองบัวแดง","กปภ.สาขาหนองบัวแดง","หนองบัวแดง",,"กรกฎาคม","2569","1","1"
"41584","13490838","1828","A12101","0204020018078751","12","2.1.1","สถานีเพิ่มแรงดันน้ำ 350 ลบ.ม. หมู่บ้านสวัสดิการทหารบก (ห้วยตึงเฒ่า)","8","สถานีปรับแรงดัน","0.1623","0","0","0","0","3638","3638","0","0","24","3638","14219.48","0","312.24","590.45","0","0","15122.17","1058.55","16180.72","0","0","0","0","../WebScript/Upload/Electric/13490838_382127_03082026111051.jpg","","0","0","0","44044","41584","13490838","1007","12","2190914000","9","12","2190914000","5511014","0","75","363","202607","256907","2569","10","31","20260731","พลังงานไฟฟ้าตามใบแจ้งหนี้","การประปาส่วนภูมิภาคสาขาแม่ริม","กปภ.สาขาแม่ริม","แม่ริม","การประปาส่วนภูมิภาคสาขาแม่ริม","กปภ.สาขาแม่ริม","แม่ริม",,"กรกฎาคม","2569","1","1"
"41584","13490838","1053","A12101","9806020005471512","12","2.1.1","สถานีผลิตน้ำแรงสูงแม่ริม 1","2","โรงกรอง","0.1623","0","12.82","16.31","16.37","3618.1","1764.25","995.32","858.53","2984","3618.1","14141.72","0","312.24","587.22","0","0","15041.18","1052.88","16094.06","0","0","0","0","../WebScript/Upload/Electric/13490838_382124_03082026110615.jpg","","0","0","0","44044","41584","13490838","1007","12","2190914000","9","12","2190914000","5511014","0","75","363","202607","256907","2569","10","31","20260731","พลังงานไฟฟ้าตามใบแจ้งหนี้","การประปาส่วนภูมิภาคสาขาแม่ริม","กปภ.สาขาแม่ริม","แม่ริม","การประปาส่วนภูมิภาคสาขาแม่ริม","กปภ.สาขาแม่ริม","แม่ริม",,"กรกฎาคม","2569","1","1"
"41596","13490850","1031","B07501","9802020010421889","51","3.2.2","แรงต่ำ แรงสูง  การประปาส่วนภูมิภาค สาขาร้องกวาง","10","แรงต่ำ-แรงสูง","0.1623","0","43.19","39.22","37.54","17559.41","7214.56","4978.68","5366.17","1923","17559.41","5741.25","57119.85","312.24","2849.89","0","0","66023.23","4621.63","70644.86","0","0","0","0","../WebScript/Upload/Electric/13490850_381964_31072026122703.jpg","","0","0","0","44432","41596","13490850","1019","50","2190926000","9","50","2190926000","5511027","0","75","363","202607","256907","2569","10","31","20260731","พลังงานไฟฟ้าตามใบแจ้งหนี้","การประปาส่วนภูมิภาคสาขาร้องกวาง","กปภ.สาขาร้องกวาง","ร้องกวาง","การประปาส่วนภูมิภาคสาขาร้องกวาง","กปภ.สาขาร้องกวาง","ร้องกวาง",,"กรกฎาคม","2569","1","0"
"41599","13490853","629","A06101","9805020005780973","61","3.2.2","สถานีผลิตน้ำประปาดอยจอมทอง","3","แรงสูง","0.1623","0","344.55","334.16","346.15","124142.99","36749.65","42929.22","44464.12","89","124142.99","45801.03","381302.93","312.24","20148.41","3588.48","0","451153.09","31580.72","482733.81","0","0","0","0","../WebScript/Upload/Electric/13490853_381945_05082026120443.jpg","","0","0","0","44536","41599","13490853","1022","61","2190929000","9","61","2190929000","5511030","0","75","363","202607","256907","2569","10","31","20260731","พลังงานไฟฟ้าตามใบแจ้งหนี้","การประปาส่วนภูมิภาคสาขาพะเยา","กปภ.สาขาพะเยา","พะเยา","การประปาส่วนภูมิภาคสาขาพะเยา","กปภ.สาขาพะเยา","พะเยา",,"กรกฎาคม","2569","1","0"
"41804","13491055","475","6500728919","9804020008905498","835","3.2.2","สำนักงาน กปภ.สาขาย่านตาขาว (สำนักงาน/สถานีผลิตแม่ข่าย)","11","สำนักงาน-แรงสูง-บ้านพัก","0.1623","0","50.73","48.69","41.72","22650.19","9473.5","6139.98","7036.71","692","22650.19","6743.54","73944.32","312.24","3676.13","112.14","0","84788.37","5935.19","90723.56","0","0","0","0","../WebScript/Upload/Electric/13491055_381809_27072026150001.jpg","สำนักงาน 0.20%","4530.03","0","0","51415","41804","13491055","1236","834","2590521000","5","834","2590521000","5552020","0","75","363","202607","256907","2569","10","31","20260731","พลังงานไฟฟ้าตามใบแจ้งหนี้","การประปาส่วนภูมิภาคสาขาย่านตาขาว","กปภ.สาขาย่านตาขาว","ย่านตาขาว","การประปาส่วนภูมิภาคสาขาย่านตาขาว","กปภ.สาขาย่านตาขาว","ย่านตาขาว",,"กรกฎาคม","2569","1","1"
"41588","13490842","409","A05201","9802020005070257","26","3.1.2","โรงกรองน้ำ-แม่สะเรียง","2","โรงกรอง","0.1623","0","77.64","80.69","81.71","35673.08","15416.94","8537.19","11718.95","133","35673.08","16036.4","112266.75","312.24","5789.74","897.12","-15.7","135286.55","9470.06","144756.61","0","41","0.08","0","../WebScript/Upload/Electric/13490842_383883_05082026094403.jpg","","0","0","0","44178","41588","13490842","1011","25","2190918000","9","25","2190918000","5511019","0","75","363","202607","256907","2569","10","31","20260731","พลังงานไฟฟ้าตามใบแจ้งหนี้","การประปาส่วนภูมิภาคสาขาแม่สะเรียง","กปภ.สาขาแม่สะเรียง","แม่สะเรียง","การประปาส่วนภูมิภาคสาขาแม่สะเรียง","กปภ.สาขาแม่สะเรียง","แม่สะเรียง",,"กรกฎาคม","2569","1","1"
"41815","13493715","130","5801562528","9810 020000710915","870","3.1.2","อาคารสำนักงานเขต 2","12","สำนักงานเขต","0.1623","0","124.59","107.65","36.29","29704","18436.86","6906.64","4360.5","9588","29704","24452.03","93481.46","312.24","4820.96","0","0","123066.69","8614.67","131681.36","0","0","0","0","../WebScript/Upload/Electric/13493715_385262_17082026160742.jpg","","0","0","0","49723","41815","13493715","1147","870","2490290000","2","870","2490290000","5541000","0","75","363","202607","256907","2569","10","31","20260731","พลังงานไฟฟ้าตามใบแจ้งหนี้","สำนักงาน  กปภ.ข. 2","สนง.เขต 2","สนง.ข.2","สำนักงาน  กปภ.ข. 2","สนง.เขต 2","สนง.ข.2",,"กรกฎาคม","2569","1","0"
"41696","13490950","2235","G04101","9004020020317079","462","2.1.2","สำนักงานประปาเก่า (บ้านพัก)","1","สำนักงาน","0.1623","0","0","0","0","96","0","0","0","1382","96","311.85","0","33.29","15.58","0","0","360.72","25.25","385.97","0","0","0","0","../WebScript/Upload/Electric/13490950_384593_07082026155716.jpg","","0","0","0","48007","41696","13490950","1122","462","2390131000","1","462","2390131000","5531031","0","75","363","202607","256907","2569","10","31","20260731","พลังงานไฟฟ้าตามใบแจ้งหนี้","การประปาส่วนภูมิภาคสาขาปราจีนบุรี","กปภ.สาขาปราจีนบุรี","ปราจีนบุรี","การประปาส่วนภูมิภาคสาขาปราจีนบุรี","กปภ.สาขาปราจีนบุรี","ปราจีนบุรี",,"กรกฎาคม","2569","1","1"
"41606","13490860","620","A03502","020005600905","85","3.2.2","หน่วยบริการวังเหนือ ต.วังเหนือ อ.วังเหนือ จ.ลำปาง","2","โรงกรอง","0.1623","0","29.04","24.81","25.11","4591.93","1836.7","1387.07","1368.16","1601","4591.93","3860.29","14858.36","312.24","745.27","112.14","0","19888.3","1392.18","21280.48","0","0","0","0","../WebScript/Upload/Electric/13490860_381518_24072026145536.jpg","หน่วยไฟฟ้าตู้น้ำดื่ม RO ประจำเดือน กรกฎาคม 2569 จำนวน 1 หน่วย","0","0","0","44753","41606","13490860","1029","83","2190936000","9","83","2190936000","5511037","0","75","363","202607","256907","2569","10","31","20260731","พลังงานไฟฟ้าตามใบแจ้งหนี้","การประปาส่วนภูมิภาคสาขาแม่ขะจาน","กปภ.สาขาแม่ขะจาน","แม่ขะจาน","การประปาส่วนภูมิภาคสาขาแม่ขะจาน","กปภ.สาขาแม่ขะจาน","แม่ขะจาน",,"กรกฎาคม","2569","1","1"
"41647","13490901","1297","23070140","020013879998","264","3.2.2","โรงกรองน้ำบ้านค่าย","10","แรงต่ำ-แรงสูง","0.1623","0","73.4","74.29","74.21","42995.5","15459","13608.12","13928.38","166","42995.5","9757.06","136375.72","312.24","6978.17","1009.26","0","154432.45","10810.27","165242.72","0","0","0","0","../WebScript/Upload/Electric/13490901_384575_07082026150650.png","","0","0","0","46337","41647","13490901","1073","262","2290624000","6","262","2290624000","5521024","0","75","363","202607","256907","2569","10","31","20260731","พลังงานไฟฟ้าตามใบแจ้งหนี้","การประปาส่วนภูมิภาคสาขาชัยภูมิ","กปภ.สาขาชัยภูมิ","ชัยภูมิ","การประปาส่วนภูมิภาคสาขาชัยภูมิ","กปภ.สาขาชัยภูมิ","ชัยภูมิ",,"กรกฎาคม","2569","1","1"
"41638","13490892","1277","D12102","9812 020014766824","226","3.2.2","แรงต่ำลำชี อ.ชนบท จ.ขอนแก่น","4","แรงต่ำ","0.1623","0","128.42","129.73","129.4","63706.88","18239.34","20071.98","25395.56","88","63706.88","17070.87","194695.4","312.24","63706.88","0","0","222978.84","15608.52","238587.36","0","0","0","0","../WebScript/Upload/Electric/13490892_383840_04082026215239.png","หักมิเตอร์ย่อย  88 หน่วย","0","0","0","45990","41638","13490892","1064","225","2290615000","6","225","2290615000","5521015","0","75","363","202607","256907","2569","10","31","20260731","พลังงานไฟฟ้าตามใบแจ้งหนี้","การประปาส่วนภูมิภาคสาขาชนบท","กปภ.สาขาชนบท","ชนบท","การประปาส่วนภูมิภาคสาขาชนบท","กปภ.สาขาชนบท","ชนบท",,"กรกฎาคม","2569","1","1"
"41638","13490892","1274","D12102","9808 020014765678","226","3.2.2","แรงสูงแม่ข่ายชนบท (สนง.)","3","แรงสูง","0.1623","0","189.7","189.7","187.7","93815","36642.76","25851.93","31320.31","3905","93815","25216.82","302169","312.24","15226.17","0","0","342924.23","24004.7","366928.93","0","0","0","0",,"หักมิเตอร์ย่อย  3905 หน่วย","0","0","0","45990","41638","13490892","1064","225","2290615000","6","225","2290615000","5521015","0","75","363","202607","256907","2569","10","31","20260731","พลังงานไฟฟ้าตามใบแจ้งหนี้","การประปาส่วนภูมิภาคสาขาชนบท","กปภ.สาขาชนบท","ชนบท","การประปาส่วนภูมิภาคสาขาชนบท","กปภ.สาขาชนบท","ชนบท",,"กรกฎาคม","2569","1","1"
"41778","13491030","2845","่J06101","9011020022090537","752","3.2.2","แรงสูงหน้าพักผู้จัดการ","10","แรงต่ำ-แรงสูง","0.1623","0","61.84","46.25","60.33","22201","9617.42","5067.62","7515.96","4295","22201","8220.39","73002.19","312.24","3603.22","0","0","85138.05","5959.66","91097.71","0","0","0","0","../WebScript/Upload/Electric/13491030_382442_03082026164702.jpg","","14430.65","0","0","50644","41778","13491030","1212","752","2590419000","4","752","2590419000","5551020","0","75","363","202607","256907","2569","10","31","20260731","พลังงานไฟฟ้าตามใบแจ้งหนี้","การประปาส่วนภูมิภาคสาขาระนอง","กปภ.สาขาระนอง","ระนอง","การประปาส่วนภูมิภาคสาขาระนอง","กปภ.สาขาระนอง","ระนอง",,"กรกฎาคม","2569","1","1"
"41768","13491020","331","J11101","9078020003952825","708","2.1.1","  218  ม.1 ถ.ฝ่ายท่าหนองหัดไท ต.พงษ์ประสาสน์ อ.บางสะพาน จ.ประจวบคีรีขันธ์","1","สำนักงาน","0.1623","0","16.86","13.8","10.96","3695.5","1980.57","878.3","836.63","908","3695.5","14444.23","0","312.24","599.78","0","0","15356.25","1074.94","16431.19","0","0","0","0","../WebScript/Upload/Electric/13491020_381261_17082026235850.jpg","","0","0","0","50253","41768","13491020","1201","707","2490333000","3","707","2490333000","5542032","0","75","363","202607","256907","2569","10","31","20260731","พลังงานไฟฟ้าตามใบแจ้งหนี้","การประปาส่วนภูมิภาคสาขาบางสะพาน","กปภ.สาขาบางสะพาน","บางสะพาน","การประปาส่วนภูมิภาคสาขาบางสะพาน","กปภ.สาขาบางสะพาน","บางสะพาน",,"กรกฎาคม","2569","1","1"
"41701","13490955","3131","E14201","9102 020024113702","481","3.2.2","แม่ข่าย","11","สำนักงาน-แรงสูง-บ้านพัก","0.1623","0","61.43","61.07","56.88","29419.95","12212.14","7920.68","9287.13","260","29419.95","8165.89","95898.38","312.24","4774.86","0","0","109431.72","7660.22","117091.94","0","0","0","0","../WebScript/Upload/Electric/13490955_383804_07082026143222.jpg","","0","0","0","48185","41701","13490955","1128","481","2390814000","8","481","2390814000","5532014","0","75","363","202607","256907","2569","10","31","20260731","พลังงานไฟฟ้าตามใบแจ้งหนี้","การประปาส่วนภูมิภาคสาขาเขมราฐ","กปภ.สาขาเขมราฐ","เขมราฐ","การประปาส่วนภูมิภาคสาขาเขมราฐ","กปภ.สาขาเขมราฐ","เขมราฐ",,"กรกฎาคม","2569","0","0"
"41623","13490877","305","B06101","9816020009527027","160","2.1.1","หน่วยบริการบ้านด่านนาขาม","7","สถานีจ่ายน้ำ","0.1623","0","7.2","4.52","5.92","576.8","226.81","160.05","189.94","2","576.8","2254.48","0","312.24","93.61","0","0","2660.33","186.22","2846.55","0","0","0","0","../WebScript/Upload/Electric/13490877_381356_27072026133348.jpg","","0","0","0","45412","41623","13490877","1047","157","2191026000","10","157","2191026000","5512026","0","75","363","202607","256907","2569","10","31","20260731","พลังงานไฟฟ้าตามใบแจ้งหนี้","การประปาส่วนภูมิภาคสาขาอุตรดิตถ์","กปภ.สาขาอุตรดิตถ์","อุตรดิตถ์","การประปาส่วนภูมิภาคสาขาอุตรดิตถ์","กปภ.สาขาอุตรดิตถ์","อุตรดิตถ์",,"กรกฎาคม","2569","1","1"
"41624","13490878","262","B01101","9828020009697570","171","3.2.2","โรงกรองแรงสูงหน่วยบริการหัวรอ","3","แรงสูง","0.1623","0","265.53","267.93","267.93","99970.01","27007.93","37318.31","35643.77","326","99970.01","35296.9","302969.81","312.24","16225.13","0","0","354804.08","24836.29","379640.37","0","0","0","0","../WebScript/Upload/Electric/13490878_383910_06082026164903.jpg","","0","0","0","45449","41624","13490878","1048","161","2191027000","10","161","2191027000","5512027","0","75","363","202607","256907","2569","10","31","20260731","พลังงานไฟฟ้าตามใบแจ้งหนี้","การประปาส่วนภูมิภาคสาขาพิษณุโลก","กปภ.สาขาพิษณุโลก","พิษณุโลก","การประปาส่วนภูมิภาคสาขาพิษณุโลก","กปภ.สาขาพิษณุโลก","พิษณุโลก",,"กรกฎาคม","2569","1","1"
"41765","13491017","504","J04101","9019 020003970689","702","3.1.2","สถานีจ่ายน้ำคลองวาฬ","8","สถานีปรับแรงดัน","0.1623","0","31.22","30.7","31.16","8129.48","3314.64","2083.49","2731.35","167","8129.48","6127.24","25584.29","312.24","1319.41","0","0","33343.18","2334.02","35677.2","0","0","0","0","../WebScript/Upload/Electric/13491017_384127_06082026093131.jpg","","0","0","0","50190","41765","13491017","1198","701","2490330000","3","701","2490330000","5542029","0","75","363","202607","256907","2569","10","31","20260731","พลังงานไฟฟ้าตามใบแจ้งหนี้","การประปาส่วนภูมิภาคสาขาประจวบคีรีขันธ์","กปภ.สาขาประจวบคีรีขันธ์","ประจวบคีรีขันธ์","การประปาส่วนภูมิภาคสาขาประจวบคีรีขันธ์","กปภ.สาขาประจวบคีรีขันธ์","ประจวบคีรีขันธ์",,"กรกฎาคม","2569","1","1"
"41588","13490842","415","A05201","9052020005054214","26","2.1.2","สำนักงาน กปภ.สาขาแม่สะเรียง","1","สำนักงาน","0.1623","0","0","0","0","2265","0","0","0","324","2265","9789.18","0","33.29","367.61","0","0","10190.08","713.31","10903.39","0","0","0","0","../WebScript/Upload/Electric/13490842_383884_05082026093751.jpg","","0","0","0","44178","41588","13490842","1011","25","2190918000","9","25","2190918000","5511019","0","75","363","202607","256907","2569","10","31","20260731","พลังงานไฟฟ้าตามใบแจ้งหนี้","การประปาส่วนภูมิภาคสาขาแม่สะเรียง","กปภ.สาขาแม่สะเรียง","แม่สะเรียง","การประปาส่วนภูมิภาคสาขาแม่สะเรียง","กปภ.สาขาแม่สะเรียง","แม่สะเรียง",,"กรกฎาคม","2569","1","1"
"41679","13490933","910","H07101","9878 020001818799","418","3.2.2","สำนักงานการประปาส่วนภูมิภาคสาขาศรีราชา","1","สำนักงาน","0.1623","0","66.32","63.42","46.8","32407.3","14157.25","9088.35","9161.7","712","32407.3","8815.92","106750.18","312.24","5259.7","0","0","121138.04","8479.66","129617.7","0","0","0","0","../WebScript/Upload/Electric/13490933_384609_13082026142726.jpg","","0","0","0","47580","41679","13490933","1105","418","2390114000","1","418","2390114000","5531015","0","75","363","202607","256907","2569","10","31","20260731","พลังงานไฟฟ้าตามใบแจ้งหนี้","การประปาส่วนภูมิภาคสาขาศรีราชา","กปภ.สาขาศรีราชา","ศรีราชา","การประปาส่วนภูมิภาคสาขาศรีราชา","กปภ.สาขาศรีราชา","ศรีราชา",,"กรกฎาคม","2569","1","1"
"41679","13490933","2094","H07101","0077 020019503897","418","2.1.1","สถานีจ่ายน้ำเพิ่มแรงดัน 2 (บ้านห้วยกุ่ม)","8","สถานีปรับแรงดัน","0.1623","0","0","0","0","6674","6674","0","0","160","6674","26085.99","0","312.24","1083.19","0","0","27481.42","1923.7","29405.12","0","0","0","0","../WebScript/Upload/Electric/13490933_384611_13082026150542.jpg","","0","0","0","47580","41679","13490933","1105","418","2390114000","1","418","2390114000","5531015","0","75","363","202607","256907","2569","10","31","20260731","พลังงานไฟฟ้าตามใบแจ้งหนี้","การประปาส่วนภูมิภาคสาขาศรีราชา","กปภ.สาขาศรีราชา","ศรีราชา","การประปาส่วนภูมิภาคสาขาศรีราชา","กปภ.สาขาศรีราชา","ศรีราชา",,"กรกฎาคม","2569","1","1"
"41611","13490865","1356","C02601","9801020006527134","105","3.2.2","โรงกรองพยุหะคีรี(แรงสูง)","2","โรงกรอง","0.1623","0","85.02","84.62","83.2","50802.31","19412.79","14915.63","16473.89","392","50802.31","11301.71","162950.06","312.24","8245.21","616.77","0","183425.99","12839.82","196265.81","0","0","0","0","../WebScript/Upload/Electric/13490865_380201_04082026105544.jpg","","0","0","0","44940","41611","13490865","1035","104","2191014000","10","104","2191014000","5512014","0","75","363","202607","256907","2569","10","31","20260731","พลังงานไฟฟ้าตามใบแจ้งหนี้","การประปาส่วนภูมิภาคสาขาพยุหะคีรี","กปภ.สาขาพยุหะคีรี","พยุหะคีรี","การประปาส่วนภูมิภาคสาขาพยุหะคีรี","กปภ.สาขาพยุหะคีรี","พยุหะคีรี",,"กรกฎาคม","2569","1","1"
"41615","13490869","2656","B04201","9011020010617292","127","3.2.2","โรงกรองน้ำแรงสูงท่ามะเขื่อ","3","แรงสูง","0.1623","0","94.18","93.38","93.78","24981","9030.67","6919.66","9030.67","59","24981","12519.35","79313.29","312.24","4054.42","0","0","96199.3","6733.95","102933.25","0","0","0","0","../WebScript/Upload/Electric/13490869_381467_03082026163812.jpg","","0","0","0","45116","41615","13490869","1039","125","2191018000","10","125","2191018000","5512018","0","75","363","202607","256907","2569","10","31","20260731","พลังงานไฟฟ้าตามใบแจ้งหนี้","การประปาส่วนภูมิภาคสาขาขาณุวรลักษบุรี","กปภ.สาขาขาณุวรลักษบุรี","ขาณุวรลักษบุรี","การประปาส่วนภูมิภาคสาขาขาณุวรลักษบุรี","กปภ.สาขาขาณุวรลักษบุรี","ขาณุวรลักษบุรี",,"กรกฎาคม","2569","1","1"
"41647","13490901","1287","23056409","020013888824","263","3.2.2","โรงกรองน้ำนิเวศรัตน์","2","โรงกรอง","0.1623","0","148.31","148.31","149.5","60974","19555.22","19782.44","21636.32","202","60974","19714.85","189659.16","312.24","9896.08","841.05","0","220423.38","15429.64","235853.02","0","0","0","0","../WebScript/Upload/Electric/13490901_384570_07082026153555.png","","0","0","0","46337","41647","13490901","1073","262","2290624000","6","262","2290624000","5521024","0","75","363","202607","256907","2569","10","31","20260731","พลังงานไฟฟ้าตามใบแจ้งหนี้","การประปาส่วนภูมิภาคสาขาชัยภูมิ","กปภ.สาขาชัยภูมิ","ชัยภูมิ","การประปาส่วนภูมิภาคสาขาชัยภูมิ","กปภ.สาขาชัยภูมิ","ชัยภูมิ",,"กรกฎาคม","2569","1","1"
"41768","13491020","333","J11102","9801020003921679","710","3.2.2","สถานีผลิตน้ำช้างแรก ต.ช้างแรก  อ.บางสะพานน้อย  จ.ประจวบคีรีขันธ์","3","แรงสูง","0.1623","0","69.05","63.06","69.39","33402.32","12357.21","10010.3","11034.81","19","33402.32","9178.82","106496.48","312.24","5421.2","392.49","0","121801.23","8526.09","130327.32","0","0","0","0","../WebScript/Upload/Electric/13491020_381263_17082026235820.jpg","","0","0","0","50253","41768","13491020","1201","707","2490333000","3","707","2490333000","5542032","0","75","363","202607","256907","2569","10","31","20260731","พลังงานไฟฟ้าตามใบแจ้งหนี้","การประปาส่วนภูมิภาคสาขาบางสะพาน","กปภ.สาขาบางสะพาน","บางสะพาน","การประปาส่วนภูมิภาคสาขาบางสะพาน","กปภ.สาขาบางสะพาน","บางสะพาน",,"กรกฎาคม","2569","1","1"
"41704","13490958","1932","E08301","9101 020011612092","495","2.1.1","สำนักงาน ","1","สำนักงาน","0.1623","0","14.95","11.31","5.6","2952.1","1831.67","642.47","477.96","461","2952.1","11538.58","0","312.24","479.13","0","0","12329.95","863.1","13193.05","0","0","0","0","../WebScript/Upload/Electric/13490958_381674_31072026142430.jpg","","0","0","0","48310","41704","13490958","1131","495","2390817000","8","495","2390817000","5532017","0","75","363","202607","256907","2569","10","31","20260731","พลังงานไฟฟ้าตามใบแจ้งหนี้","การประปาส่วนภูมิภาคสาขาเลิงนกทา","กปภ.สาขาเลิงนกทา","เลิงนกทา","การประปาส่วนภูมิภาคสาขาเลิงนกทา","กปภ.สาขาเลิงนกทา","เลิงนกทา",,"กรกฎาคม","2569","1","0"
"41695","13490949","288","g07101","9809020000841763","461","3.2.2","โรงกรองน้ำบ้านด่าน  อ.อรัญประเทศ","2","โรงกรอง","0.1623","0","171.93","147.03","162.44","39957.99","11939.97","13339.09","14678.93","482","39957.99","22854.65","122906.18","312.24","6485.18","4037.04","0","156595.29","10961.67","167556.96","0","0","0","0","../WebScript/Upload/Electric/13490949_380468_05082026145820.jpg","","0","0","0","47986","41695","13490949","1121","460","2390130000","1","460","2390130000","5531030","0","75","363","202607","256907","2569","10","31","20260731","พลังงานไฟฟ้าตามใบแจ้งหนี้","การประปาส่วนภูมิภาคสาขาอรัญประเทศ","กปภ.สาขาอรัญประเทศ","อรัญประเทศ","การประปาส่วนภูมิภาคสาขาอรัญประเทศ","กปภ.สาขาอรัญประเทศ","อรัญประเทศ",,"กรกฎาคม","2569","1","1"
"41738","13490992","24","6500728358","9801 020013255656","617","3.2.2","แรงต่ำ ลำแซะ","4","แรงต่ำ","0.1623","0","93.82","93.17","93.25","25703.08","13271.41","8361.45","4070.22","230","25703.08","12471.49","87894.6","312.24","4171.61","0","0","104849.94","7339.5","112189.44","0","0","0","0","../WebScript/Upload/Electric/13490992_383597_04082026104135.jpg","","0","0","0","49422","41738","13490992","1170","617","2490233000","2","617","2490233000","5541031","0","75","363","202607","256907","2569","10","31","20260731","พลังงานไฟฟ้าตามใบแจ้งหนี้","การประปาส่วนภูมิภาคสาขาครบุรี","กปภ.สาขาครบุรี","ครบุรี","การประปาส่วนภูมิภาคสาขาครบุรี","กปภ.สาขาครบุรี","ครบุรี",,"กรกฎาคม","2569","1","1"
"41738","13490992","25","6300409024","9079 020013264403","617","3.2.2","โรงกรองน้ำ ครบุรี","2","โรงกรอง","0.1623","0","67.6","68.65","64.45","24031.01","10073.34","6038.4","7919.27","3413","24031.01","8986.07","78487.41","312.24","3900.23","168.21","0","91854.16","6429.79","98283.95","0","0","0","0","../WebScript/Upload/Electric/13490992_383598_04082026104538.jpg","","0","0","0","49422","41738","13490992","1170","617","2490233000","2","617","2490233000","5541031","0","75","363","202607","256907","2569","10","31","20260731","พลังงานไฟฟ้าตามใบแจ้งหนี้","การประปาส่วนภูมิภาคสาขาครบุรี","กปภ.สาขาครบุรี","ครบุรี","การประปาส่วนภูมิภาคสาขาครบุรี","กปภ.สาขาครบุรี","ครบุรี",,"กรกฎาคม","2569","1","1"
"41757","13491010","1536","I13201","9804020003586940","680","3.2.2","กปภ.สาขาด่านช้าง","5","สำนักงาน-แรงสูง","0.1623","0","102.4","121.39","121.07","46713.48","19215.07","12838.76","14659.65","639","46713.48","13612.03","151991.54","312.24","7581.6","0","0","173497.41","12144.82","185642.23","0","0","0","0","../WebScript/Upload/Electric/13491010_381937_31072026114319.jpg","","639","0","0","50001","41757","13491010","1190","679","2490322000","3","679","2490322000","5542022","0","75","363","202607","256907","2569","10","31","20260731","พลังงานไฟฟ้าตามใบแจ้งหนี้","การประปาส่วนภูมิภาคสาขาด่านช้าง","กปภ.สาขาด่านช้าง","ด่านช้าง","การประปาส่วนภูมิภาคสาขาด่านช้าง","กปภ.สาขาด่านช้าง","ด่านช้าง",,"กรกฎาคม","2569","1","1"
"41698","13490952","788","E13101","9804 020012747660","470","4.2.2","โพธิ์มูล","10","แรงต่ำ-แรงสูง","0.1623","0","538.35","625.02","613.12","254235","78246.76","91848.42","84193.82","2025","254235","77544.72","785597.2","312.24","41262.34","0","0","904716.5","63330.16","968046.66","0","0","0","0","../WebScript/Upload/Electric/13490952_381725_03082026171614.jpg","","0","0","0","48067","41698","13490952","1125","469","2390811000","8","469","2390811000","5532011","0","75","363","202607","256907","2569","10","31","20260731","พลังงานไฟฟ้าตามใบแจ้งหนี้","การประปาส่วนภูมิภาคสาขาอุบลราชธานี","กปภ.สาขาอุบลราชธานี","อุบลราชธานี","การประปาส่วนภูมิภาคสาขาอุบลราชธานี","กปภ.สาขาอุบลราชธานี","อุบลราชธานี",,"กรกฎาคม","2569","1","1"
"41698","13490952","792","E01101","9132 020012624486","470","2.1.2","บ้านพักวัดสุปัฏน์","1","สำนักงาน","0.1623","0","0","0","0","23","0","0","0","2860","23","74.71","0","33.29","3.73","0","0","111.73","7.82","119.55","0","0","0","0","../WebScript/Upload/Electric/13490952_381728_03082026173043.jpg","","0","0","0","48067","41698","13490952","1125","469","2390811000","8","469","2390811000","5532011","0","75","363","202607","256907","2569","10","31","20260731","พลังงานไฟฟ้าตามใบแจ้งหนี้","การประปาส่วนภูมิภาคสาขาอุบลราชธานี","กปภ.สาขาอุบลราชธานี","อุบลราชธานี","การประปาส่วนภูมิภาคสาขาอุบลราชธานี","กปภ.สาขาอุบลราชธานี","อุบลราชธานี",,"กรกฎาคม","2569","1","1"
"41598","13490852","703","B08302","9004020010508443","58","3.2.2","แรงสูง ท่าวังผา","2","โรงกรอง","0.1623","0","45.34","42.62","39.76","12899.74","3511.94","5454.85","3932.95","1586","12899.74","6027.05","39136.61","312.24","2093.63","0","0","47569.53","3329.87","50899.4","0","0","0","0","../WebScript/Upload/Electric/13490852_380692_07082026093023.jpg","ตู้กดน้ำดื่ม 6 หน่วย","0","0","0","44499","41598","13490852","1021","57","2190928000","9","57","2190928000","5511029","0","75","363","202607","256907","2569","10","31","20260731","พลังงานไฟฟ้าตามใบแจ้งหนี้","การประปาส่วนภูมิภาคสาขาท่าวังผา","กปภ.สาขาท่าวังผา","ท่าวังผา","การประปาส่วนภูมิภาคสาขาท่าวังผา","กปภ.สาขาท่าวังผา","ท่าวังผา",,"กรกฎาคม","2569","1","0"
"41624","13490878","2081","B01101","9821020019638400","162","3.2.2","สถานีจ่ายน้ำ สมอแข","7","สถานีจ่ายน้ำ","0.1623","0","71.16","72.79","72.46","22404.1","8230.18","7218.34","6955.58","0","22404.1","9459.3","71338.89","312.24","3636.19","168.21","0","84914.83","5944.04","90858.87","0","90859","0","0","../WebScript/Upload/Electric/13490878_383899_06082026165149.jpg","","0","0","0","45449","41624","13490878","1048","161","2191027000","10","161","2191027000","5512027","0","75","363","202607","256907","2569","10","31","20260731","พลังงานไฟฟ้าตามใบแจ้งหนี้","การประปาส่วนภูมิภาคสาขาพิษณุโลก","กปภ.สาขาพิษณุโลก","พิษณุโลก","การประปาส่วนภูมิภาคสาขาพิษณุโลก","กปภ.สาขาพิษณุโลก","พิษณุโลก",,"กรกฎาคม","2569","1","1"
"41666","13490920","1385","D13104","9013020014836731","359","3.2.2","06.แรงสูงดอนหญ้านาง","3","แรงสูง","0.1623","0","24.02","23.41","23.53","12151.77","4570.25","3550.85","4030.67","4030.67","12151.77","3192.98","38861.47","312.24","1972.23","0","0","44338.92","3103.72","47442.64","0","0","0","0","../WebScript/Upload/Electric/13490920_382512_03082026221703.jpg","กว. P24.11, OP23.50, H23.62
หักมิเตอร์ย่อย 46.00 หน่วย","0","0","0","47102","41666","13490920","1089","357","2290721000","7","357","2290721000","5522021","0","75","363","202607","256907","2569","10","31","20260731","พลังงานไฟฟ้าตามใบแจ้งหนี้","การประปาส่วนภูมิภาคสาขาบึงกาฬ","กปภ.สาขาบึงกาฬ","บึงกาฬ","การประปาส่วนภูมิภาคสาขาบึงกาฬ","กปภ.สาขาบึงกาฬ","บึงกาฬ",,"กรกฎาคม","2569","1","1"
"41600","13490854","580","01-06-2-01","9806-020004991821","67","3.2.2","หน่วยบริการเชียงคำ","10","แรงต่ำ-แรงสูง","0.1623","0","42.3","40.43","40.98","19765.76","7753.57","5697.99","6314.2","61","19765.76","5622.94","63716.3","312.24","3207.98","0","0","72859.46","5100.16","77959.62","0","0","0","0","../WebScript/Upload/Electric/13490854_381422_03082026085434.png","","0","0","0","44566","41600","13490854","1023","64","2190930000","9","64","2190930000","5511031","0","75","363","202607","256907","2569","10","31","20260731","พลังงานไฟฟ้าตามใบแจ้งหนี้","การประปาส่วนภูมิภาคสาขาจุน","กปภ.สาขาจุน","จุน","การประปาส่วนภูมิภาคสาขาจุน","กปภ.สาขาจุน","จุน",,"กรกฎาคม","2569","1","0"
"41589","13490843","2283","A02101","9813020004703510","28","3.2.2","สำนักงานการประปาส่วนภูมิภาคสาขาลำพูน (แหล่งน้ำสำรองบ่อบาดาล)","11","สำนักงาน-แรงสูง-บ้านพัก","0.1623","0","162.78","142.06","145.02","63416","25970.15","18082.92","19362.93","5152","63416","21638.35","206154.27","312.24","10292.42","0","0","238397.28","16687.81","255085.09","0","0","0","0","../WebScript/Upload/Electric/13490843_383873_05082026094050.jpg","กว.  P 176.00 OP 153.60 H 156.80
หักมิเตอร์ย่อย  5152.00 หน่วย","0","0","0","44208","41589","13490843","1012","28","2190919000","9","28","2190919000","5511020","0","75","363","202607","256907","2569","10","31","20260731","พลังงานไฟฟ้าตามใบแจ้งหนี้","การประปาส่วนภูมิภาคสาขาลำพูน","กปภ.สาขาลำพูน","ลำพูน","การประปาส่วนภูมิภาคสาขาลำพูน","กปภ.สาขาลำพูน","ลำพูน",,"กรกฎาคม","2569","1","1"
"41608","13490862","1231","c02102","9840020006688476","90","3.2.2","หน่วยบริการโกรกพระ(แรงสูง)","3","แรงสูง","0.1623","0","26.73","24.13","26.59","5716.91","2460.3","1402.24","1854.37","577","5716.91","3553.22","18772.88","312.24","927.85","0","0","23566.2","1649.63","25215.83","0","0","0","0","../WebScript/Upload/Electric/13490862_381230_05082026111012.jpg","","0","0","0","44815","41608","13490862","1032","90","2191011000","10","90","2191011000","5512011","0","75","363","202607","256907","2569","10","31","20260731","พลังงานไฟฟ้าตามใบแจ้งหนี้","การประปาส่วนภูมิภาคสาขานครสวรรค์","กปภ.สาขานครสวรรค์","นครสวรรค์","การประปาส่วนภูมิภาคสาขานครสวรรค์","กปภ.สาขานครสวรรค์","นครสวรรค์",,"กรกฎาคม","2569","1","1"
"41633","13490887","1208","c07401","9022020006776098","206","3.2.2","แรงต่ำแม่น้ำป่าสัก น.ศรีเทพ","4","แรงต่ำ","0.1623","0","0.8","93.56","94.36","14162","191.92","1703.28","12266.8","6","14162","106.34","37176.87","312.24","2298.49","0","0","39893.94","2792.58","42686.52","0","0","0","0","../WebScript/Upload/Electric/13490887_384785_11082026120331.jpg","","0","0","0","45810","41633","13490887","1057","204","2191036000","10","204","2191036000","5512036","0","75","363","202607","256907","2569","10","31","20260731","พลังงานไฟฟ้าตามใบแจ้งหนี้","การประปาส่วนภูมิภาคสาขาวิเชียรบุรี","กปภ.สาขาวิเชียรบุรี","วิเชียรบุรี","การประปาส่วนภูมิภาคสาขาวิเชียรบุรี","กปภ.สาขาวิเชียรบุรี","วิเชียรบุรี",,"กรกฎาคม","2569","1","1"
"41702","13490956","912","6500714585","9802 020012214925","490","3.2.2","สถานีหนองเรือ-ป่าติ้ว","10","แรงต่ำ-แรงสูง","0.1623","0","42.83","43.57","44.63","19275.53","7130.1","5853.26","6292.17","40","19275.53","5693.39","61454.71","312.24","3128.42","56.07","0","70644.83","4945.14","75589.97","0","0","0","0","../WebScript/Upload/Electric/13490956_381826_06082026145751.jpg","","0","0","0","48229","41702","13490956","1129","485","2390815000","8","485","2390815000","5532015","0","75","363","202607","256907","2569","10","31","20260731","พลังงานไฟฟ้าตามใบแจ้งหนี้","การประปาส่วนภูมิภาคสาขาอำนาจเจริญ","กปภ.สาขาอำนาจเจริญ","อำนาจเจริญ","การประปาส่วนภูมิภาคสาขาอำนาจเจริญ","กปภ.สาขาอำนาจเจริญ","อำนาจเจริญ",,"กรกฎาคม","2569","1","0"
"41645","13490899","1330","E04101","9819020012072225","255","3.2.2","โรงกรองน้ำมหาสารคาม(ห้วยคะคาง)","3","แรงสูง","0.1623","0","250.98","219.25","242.33","114991","37474.49","36926.36","40590.15","4589","114991","33362.77","358619.26","312.24","18663.04","504.63","0","411461.94","28802.34","440264.28","0","0","0","0","../WebScript/Upload/Electric/13490899_382583_11082026162940.png","","0","0","0","46256","41645","13490899","1071","254","2290622000","6","254","2290622000","5521022","0","75","363","202607","256907","2569","10","31","20260731","พลังงานไฟฟ้าตามใบแจ้งหนี้","การประปาส่วนภูมิภาคสาขามหาสารคาม","กปภ.สาขามหาสารคาม","มหาสารคาม","การประปาส่วนภูมิภาคสาขามหาสารคาม","กปภ.สาขามหาสารคาม","มหาสารคาม",,"กรกฎาคม","2569","1","1"
"41645","13490899","1332","E04101","9818020012071641","255","3.2.2","สถานีเพิ่มแรงดันโคกหนองจาน","8","สถานีปรับแรงดัน","0.1623","0","91.95","92.35","92.2","48154.07","17556.07","15574.83","15023.17","325","48154.07","12222.91","153120.85","312.24","7815.41","0","0","173471.41","12143","185614.41","0","0","0","0","../WebScript/Upload/Electric/13490899_382584_11082026163046.png","","0","0","0","46256","41645","13490899","1071","254","2290622000","6","254","2290622000","5521022","0","75","363","202607","256907","2569","10","31","20260731","พลังงานไฟฟ้าตามใบแจ้งหนี้","การประปาส่วนภูมิภาคสาขามหาสารคาม","กปภ.สาขามหาสารคาม","มหาสารคาม","การประปาส่วนภูมิภาคสาขามหาสารคาม","กปภ.สาขามหาสารคาม","มหาสารคาม",,"กรกฎาคม","2569","1","1"
"41670","13490924","877","27692330","9818020015959864","381","3.1.2","แรงสูง เจริญศิลป์","3","แรงสูง","0.1623","0","29.99","29.87","30.24","11380.11","4414.95","3413.09","3552.07","45","11380.11","5934.9","35814.34","312.24","1846.99","168.21","0","44076.68","3085.37","47162.05","0","0","0","0","../WebScript/Upload/Electric/13490924_384214_06082026141103.jpg","","0","0","0","47235","41670","13490924","1093","374","2290725000","7","374","2290725000","5522025","0","75","363","202607","256907","2569","10","31","20260731","พลังงานไฟฟ้าตามใบแจ้งหนี้","การประปาส่วนภูมิภาคสาขาสว่างแดนดิน","กปภ.สาขาสว่างแดนดิน","สว่างแดนดิน","การประปาส่วนภูมิภาคสาขาสว่างแดนดิน","กปภ.สาขาสว่างแดนดิน","สว่างแดนดิน",,"กรกฎาคม","2569","1","1"
"41593","13490847","405","A13203","9801020004985407","44","2.1.1","08_แรงสูงแม่พริก","3","แรงสูง","0.1623","0","23.85","24.21","23.85","7121.5","2555.49","2119.39","2446.62","80","7121.5","27835.09","0","312.24","1155.82","0","0","29303.15","2051.22","31354.37","0","0","0","0","../WebScript/Upload/Electric/13490847_382049_07082026162625.jpg","","0","0","0","44342","41593","13490847","1016","41","2190923000","9","41","2190923000","5511024","0","75","363","202607","256907","2569","10","31","20260731","พลังงานไฟฟ้าตามใบแจ้งหนี้","การประปาส่วนภูมิภาคสาขาเถิน","กปภ.สาขาเถิน","เถิน","การประปาส่วนภูมิภาคสาขาเถิน","กปภ.สาขาเถิน","เถิน",,"กรกฎาคม","2569","1","1"
"41702","13490956","916","6600243885","9801 020011262900","491","3.2.2","สถานีจ่ายน้ำพนา","10","แรงต่ำ-แรงสูง","0.1623","0","38.91","38.74","38.99","11449.98","3111.43","4631.81","3706.74","54","11449.98","5172.31","34728.97","312.24","1858.33","616.77","0","42688.62","2988.2","45676.82","0","0","0","0","../WebScript/Upload/Electric/13490956_381827_06082026151502.jpg","","0","0","0","48229","41702","13490956","1129","485","2390815000","8","485","2390815000","5532015","0","75","363","202607","256907","2569","10","31","20260731","พลังงานไฟฟ้าตามใบแจ้งหนี้","การประปาส่วนภูมิภาคสาขาอำนาจเจริญ","กปภ.สาขาอำนาจเจริญ","อำนาจเจริญ","การประปาส่วนภูมิภาคสาขาอำนาจเจริญ","กปภ.สาขาอำนาจเจริญ","อำนาจเจริญ",,"กรกฎาคม","2569","1","0"
"41708","13490962","868","F03501","9079 020029086006","507","3.2.2","โรงกรองน้ำลำปลายมาศ","10","แรงต่ำ-แรงสูง","0.1623","0","65.31","69.05","57.15","25937","11300.03","6262.3","8374.67","4563","25937","6881.66","85388.47","312.24","4209.58","392.49","0","98984.44","6928.91","105913.35","0","0","0","0","../WebScript/Upload/Electric/13490962_384067_05082026154441.jpg","","0","0","0","48444","41708","13490962","1138","507","2390824000","8","507","2390824000","5532021","0","75","363","202607","256907","2569","10","31","20260731","พลังงานไฟฟ้าตามใบแจ้งหนี้","การประปาส่วนภูมิภาคสาขาลำปลายมาศ","กปภ.สาขาลำปลายมาศ","ลำปลายมาศ","การประปาส่วนภูมิภาคสาขาลำปลายมาศ","กปภ.สาขาลำปลายมาศ","ลำปลายมาศ",,"กรกฎาคม","2569","1","0"
"41714","13490968","900","6001693377","EUTP9201-020012291566","531","3.2.2","โรงกรองน้ำอุทุมพรพิสัย","11","สำนักงาน-แรงสูง-บ้านพัก","0.1623","0","75.53","75.93","98.71","47251","16760.04","13343.29","17147.67","45","47251","10040.2","149511.64","312.24","7668.84","224.28","0","167757.2","11743","179500.2","0","0","0","0","../WebScript/Upload/Electric/13490968_384257_13082026144815.jpg","","45","0","0","48638","41714","13490968","1144","528","2390830000","8","528","2390830000","5532028","0","75","363","202607","256907","2569","10","31","20260731","พลังงานไฟฟ้าตามใบแจ้งหนี้","การประปาส่วนภูมิภาคสาขาศรีสะเกษ","กปภ.สาขาศรีสะเกษ","ศรีสะเกษ","การประปาส่วนภูมิภาคสาขาศรีสะเกษ","กปภ.สาขาศรีสะเกษ","ศรีสะเกษ",,"กรกฎาคม","2569","1","0"
"41633","13490887","1886","C07201","9071020006032690","204","2.1.1","สำนักงานการประปาส่วนภูมิภาคสาขาวิเชียรบุรี","1","สำนักงาน","0.1623","0","0","0","0","3473","3473","0","0","649","3473","13574.57","0","312.24","563.67","0","0","14450.48","1011.53","15462.01","0","0","0","0","../WebScript/Upload/Electric/13490887_384779_11082026130226.jpg","","0","0","0","45810","41633","13490887","1057","204","2191036000","10","204","2191036000","5512036","0","75","363","202607","256907","2569","10","31","20260731","พลังงานไฟฟ้าตามใบแจ้งหนี้","การประปาส่วนภูมิภาคสาขาวิเชียรบุรี","กปภ.สาขาวิเชียรบุรี","วิเชียรบุรี","การประปาส่วนภูมิภาคสาขาวิเชียรบุรี","กปภ.สาขาวิเชียรบุรี","วิเชียรบุรี",,"กรกฎาคม","2569","1","1"
"41661","13490915","1370","D04101","9822020015780361","338","3.2.2","แรงสูง กปภ.สาขาเลย","5","สำนักงาน-แรงสูง","0.1623","0","378.02","376.06","368.22","197920","82105.95","53588.24","62225.81","4180","197920","50250.2","645068.13","312.24","32122.42","0","0","727752.99","50942.71","778695.7","0","0","0","0","../WebScript/Upload/Electric/13490915_383757_04082026121709.jpg","","0","0","0","46934","41661","13490915","1084","337","2290716000","7","337","2290716000","5522016","0","75","363","202607","256907","2569","10","31","20260731","พลังงานไฟฟ้าตามใบแจ้งหนี้","การประปาส่วนภูมิภาคสาขาเลย","กปภ.สาขาเลย","เลย","การประปาส่วนภูมิภาคสาขาเลย","กปภ.สาขาเลย","เลย",,"กรกฎาคม","2569","1","1"
"41609","13490863","1243","C02201","972020006701844","97","3.2.2","แรงต่ำ/แรงสูง แม่ข่าย","11","สำนักงาน-แรงสูง-บ้านพัก","0.1623","0","55.58","48.25","49.66","25027.28","10787.18","6765.3","7474.8","3037","25027","7388.25","82209.43","312.24","4061.93","56.07","0","94027.92","6581.95","100609.87","0","0","0","0","../WebScript/Upload/Electric/13490863_381797_27072026141135.jpg","","0","0","0","44866","41609","13490863","1033","96","2191012000","10","96","2191012000","5512012","0","75","363","202607","256907","2569","10","31","20260731","พลังงานไฟฟ้าตามใบแจ้งหนี้","การประปาส่วนภูมิภาคสาขาท่าตะโก","กปภ.สาขาท่าตะโก","ท่าตะโก","การประปาส่วนภูมิภาคสาขาท่าตะโก","กปภ.สาขาท่าตะโก","ท่าตะโก",,"กรกฎาคม","2569","1","1"
"41614","13490868","1259","B04101","9075020010725663","124","3.2.2","หน้าศูนย์ราชการ","2","โรงกรอง","0.1623","0","127.62","130.81","134","76060","29280.23","21990.08","24789.69","228","76060","16964.53","244306.04","312.24","12344.54","504.63","0","274431.98","19210.24","293642.22","0","0","0","0","../WebScript/Upload/Electric/13490868_382501_03082026174932.jpg","","0","0","0","45065","41614","13490868","1038","119","2191017000","10","119","2191017000","5512017","0","75","363","202607","256907","2569","10","31","20260731","พลังงานไฟฟ้าตามใบแจ้งหนี้","การประปาส่วนภูมิภาคสาขากำแพงเพชร","กปภ.สาขากำแพงเพชร","กำแพงเพชร","การประปาส่วนภูมิภาคสาขากำแพงเพชร","กปภ.สาขากำแพงเพชร","กำแพงเพชร",,"กรกฎาคม","2569","1","1"
"41739","13490993","16","23053575","FSSA9806 020013588932","623","4.2.2","โรงกรองน้ำ แม่ข่ายสีคิ้ว","2","โรงกรอง","0.1623","0","363.92","413.41","366.83","174795.99","59623.95","58750.55","56421.49","5324","174795.99","48375.89","549334.12","312.24","28369.39","0","0","626391.64","43847.41","670239.05","0","0","0","0","../WebScript/Upload/Electric/13490993_384562_13082026091325.jpg","","0","0","0","49466","41739","13490993","1171","622","2490234000","2","622","2490234000","5541032","0","75","363","202607","256907","2569","10","31","20260731","พลังงานไฟฟ้าตามใบแจ้งหนี้","การประปาส่วนภูมิภาคสาขาสีคิ้ว","กปภ.สาขาสีคิ้ว","สีคิ้ว","การประปาส่วนภูมิภาคสาขาสีคิ้ว","กปภ.สาขาสีคิ้ว","สีคิ้ว",,"กรกฎาคม","2569","1","1"
"41767","13491019","433","J04102","9801020004174377","706","3.2.2","สถานีสูบน้ำแรงต่ำ","4","แรงต่ำ","0.1623","0","129.23","128.15","116.31","63074.45","20800.46","19621.25","22952.74","30637.54","63074.45","17178.54","197095.83","312.24","10236.98","280.35","0","225103.97","15757.28","240861.25","0","0","0","0","../WebScript/Upload/Electric/13491019_383588_04082026102407.png","","0","0","0","50232","41767","13491019","1200","705","2490332000","3","705","2490332000","5542031","0","75","363","202607","256907","2569","10","31","20260731","พลังงานไฟฟ้าตามใบแจ้งหนี้","การประปาส่วนภูมิภาคสาขากุยบุรี","กปภ.สาขากุยบุรี","กุยบุรี","การประปาส่วนภูมิภาคสาขากุยบุรี","กปภ.สาขากุยบุรี","กุยบุรี",,"กรกฎาคม","2569","1","1"
"41670","13490924","858","27686276","9807020015157459","377","3.2.2","แรงสูง  หนองเม็ก","7","สถานีจ่ายน้ำ","0.1623","0","17.44","17.29","34.33","2594.34","1023.32","737.58","833.44","34","2594.34","8372.93","0","312.24","421.06","168.21","0","11591.74","811.42","12403.16","0","0","0","0","../WebScript/Upload/Electric/13490924_384206_06082026130120.jpg","","0","0","0","47235","41670","13490924","1093","374","2290725000","7","374","2290725000","5522025","0","75","363","202607","256907","2569","10","31","20260731","พลังงานไฟฟ้าตามใบแจ้งหนี้","การประปาส่วนภูมิภาคสาขาสว่างแดนดิน","กปภ.สาขาสว่างแดนดิน","สว่างแดนดิน","การประปาส่วนภูมิภาคสาขาสว่างแดนดิน","กปภ.สาขาสว่างแดนดิน","สว่างแดนดิน",,"กรกฎาคม","2569","1","1"
"41765","13491017","786","J04101","9806 020004037865","702","3.2.2","สำนักงานประปาประจวบฯ","3","แรงสูง","0.1623","0","118.67","111.49","105.45","34805","10877.27","12578.03","11349.7","2031","34805","15774.8","107810.04","312.24","5648.85","0","0","129545.93","9068.22","138614.15","0","0","0","0","../WebScript/Upload/Electric/13491017_384129_06082026100418.jpg","","0","0","0","50190","41765","13491017","1198","701","2490330000","3","701","2490330000","5542029","0","75","363","202607","256907","2569","10","31","20260731","พลังงานไฟฟ้าตามใบแจ้งหนี้","การประปาส่วนภูมิภาคสาขาประจวบคีรีขันธ์","กปภ.สาขาประจวบคีรีขันธ์","ประจวบคีรีขันธ์","การประปาส่วนภูมิภาคสาขาประจวบคีรีขันธ์","กปภ.สาขาประจวบคีรีขันธ์","ประจวบคีรีขันธ์",,"กรกฎาคม","2569","1","1"
"41680","13490934","1614","H07101","9814020001870040","421","3.2.2","สถานีจ่ายน้ำพระประทานพร","7","สถานีจ่ายน้ำ","0.1623","0","63.66","63.46","62.95","37023.31","12951.92","10340.92","13730.47","350","37023.31","8462.32","116864.22","312.24","6008.88","112.14","0","131759.8","9223.19","140982.99","0","0","0","0","../WebScript/Upload/Electric/13490934_382162_07082026213833.jpg","","0","0","0","47601","41680","13490934","1106","420","2390115000","1","420","2390115000","5531016","0","75","363","202607","256907","2569","10","31","20260731","พลังงานไฟฟ้าตามใบแจ้งหนี้","การประปาส่วนภูมิภาคสาขาแหลมฉบัง","กปภ.สาขาแหลมฉบัง","แหลมฉบัง","การประปาส่วนภูมิภาคสาขาแหลมฉบัง","กปภ.สาขาแหลมฉบัง","แหลมฉบัง",,"กรกฎาคม","2569","1","1"
"41680","13490934","1507","H07101","9819 020001728743","421","3.2.2","โรงกรองน้ำเนินไร่สอง","2","โรงกรอง","0.1623","0","141.14","154.54","148.23","51385","13640.64","19893.26","17851.1","751","51385","18761.74","155346.06","312.24","8339.79","616.77","0","183376.6","12836.36","196212.96","0","0","0","0","../WebScript/Upload/Electric/13490934_382161_09082026145426.jpg","","0","0","0","47601","41680","13490934","1106","420","2390115000","1","420","2390115000","5531016","0","75","363","202607","256907","2569","10","31","20260731","พลังงานไฟฟ้าตามใบแจ้งหนี้","การประปาส่วนภูมิภาคสาขาแหลมฉบัง","กปภ.สาขาแหลมฉบัง","แหลมฉบัง","การประปาส่วนภูมิภาคสาขาแหลมฉบัง","กปภ.สาขาแหลมฉบัง","แหลมฉบัง",,"กรกฎาคม","2569","1","1"
"41680","13490934","1875","H07101","9883020001911141","421","3.1.2","ติดตั้งเป็นแบบอ่านออนไลน์แทนมิเตอร์เก่าหมายเลขผู้ใช้ไฟ9043020001911141","1","สำนักงาน","0.1623","0","31.06","30.38","6.09","5952.59","4035.32","1167.97","749.3","585","5952.59","6095.84","18733.4","312.24","966.11","0","0","26107.59","1827.53","27935.12","0","0","0","0","../WebScript/Upload/Electric/13490934_382163_05082026104905.jpg","","0","0","0","47601","41680","13490934","1106","420","2390115000","1","420","2390115000","5531016","0","75","363","202607","256907","2569","10","31","20260731","พลังงานไฟฟ้าตามใบแจ้งหนี้","การประปาส่วนภูมิภาคสาขาแหลมฉบัง","กปภ.สาขาแหลมฉบัง","แหลมฉบัง","การประปาส่วนภูมิภาคสาขาแหลมฉบัง","กปภ.สาขาแหลมฉบัง","แหลมฉบัง",,"กรกฎาคม","2569","1","1"
"41816","13491817","870","I06101","9814020002864649","871","3.1.2","สำนักงาน กปภ.ข.3 จ.ราชบุรี","1","สำนักงาน","0.1623","0","114.12","103.69","44.34","28680","16785.43","6632.01","5262.56","6504","28680","22397.19","90258.83","312.24","4654.76","0","0","117623.02","8233.61","125856.63","0","0","0","0","../WebScript/Upload/Electric/13491817_381670_27072026110526.jpg","","0","0","0","50355","41816","13491817","1178","871","2490390000","3","871","2490390000","5542000","0","75","363","202607","256907","2569","10","31","20260731","พลังงานไฟฟ้าตามใบแจ้งหนี้","สำนักงาน  กปภ.ข. 3","สนง.เขต 3","สนง.ข.3","สำนักงาน  กปภ.ข. 3","สนง.เขต 3","สนง.ข.3",,"กรกฎาคม","2569","1","0"
"41716","13490970","816","E07102","9031 020011238176","543","3.2.2","หน่วยบริการดอนตาล","10","แรงต่ำ-แรงสูง","0.1623","0","30.01","24.48","29.21","1615.13","3972.9","2728.09","3250.54","0","1615.13","3989.23","321188.78","312.24","1615.13","0","0","38105.38","2667.38","40772.76","0","60","0","0","../WebScript/Upload/Electric/13490970_381371_05082026163823.jpg","โรงกรองน้ำแรงและแพสูบน้ำดิบใช้มิเตอร์ร่วมกันเพราะอยู่ในพื้นที่เดียวกัน","0","0","0","48726","41716","13490970","1099","538","2390832000","8","538","2390832000","5532030","0","75","363","202607","256907","2569","10","31","20260731","พลังงานไฟฟ้าตามใบแจ้งหนี้","การประปาส่วนภูมิภาคสาขามุกดาหาร","กปภ.สาขามุกดาหาร","มุกดาหาร","การประปาส่วนภูมิภาคสาขามุกดาหาร","กปภ.สาขามุกดาหาร","มุกดาหาร",,"กรกฎาคม","2569","0","0"
"41645","13490899","4915","6602822817","0112020027873856","254","3.1.2","สำนักงานการประปาส่วนภูมิภาคสาขามหาสารคาม","1","สำนักงาน","0.1623","0","37.84","0","0","6989.82","6989.82","0","0","141","6989.82","7426.48","21997.66","312.24","1134.45","0","0","30870.83","2160.96","33031.79","0","0","0","0","../WebScript/Upload/Electric/13490899_382582_11082026163651.png","","0","0","0","46256","41645","13490899","1071","254","2290622000","6","254","2290622000","5521022","0","75","363","202607","256907","2569","10","31","20260731","พลังงานไฟฟ้าตามใบแจ้งหนี้","การประปาส่วนภูมิภาคสาขามหาสารคาม","กปภ.สาขามหาสารคาม","มหาสารคาม","การประปาส่วนภูมิภาคสาขามหาสารคาม","กปภ.สาขามหาสารคาม","มหาสารคาม",,"กรกฎาคม","2569","1","1"
"41652","13490906","1775","E06101","9803020012686409","289","3.2.2","สถานีผลิตน้ำบ้านเหล่ากล้วย  ","3","แรงสูง","0.1623","0","433.82","413.83","429.82","235042.29","87103.79","62593.98","85344.52","97.7","235042.29","57667.69","749621.04","312.24","38147.36","0","0","845748.33","59202.38","904950.71","0","0","0","0","../WebScript/Upload/Electric/13490906_383628_04082026105542.jpg","","0","0","0","46547","41652","13490906","1133","288","2290629000","6","288","2290629000","5521030","0","75","363","202607","256907","2569","10","31","20260731","พลังงานไฟฟ้าตามใบแจ้งหนี้","การประปาส่วนภูมิภาคสาขาร้อยเอ็ด","กปภ.สาขาร้อยเอ็ด","ร้อยเอ็ด","การประปาส่วนภูมิภาคสาขาร้อยเอ็ด","กปภ.สาขาร้อยเอ็ด","ร้อยเอ็ด",,"กรกฎาคม","2569","1","1"
"41702","13490956","921","23071466","9802 020012158155","486","3.2.2","โรงกรองน้ำห้วยสีโท","3","แรงสูง","0.1623","0","102.37","103.33","103.33","38883.5","14191.08","11989.81","12793.61","55","38883.5","13608.04","123665.71","312.24","6310.79","0","0","143896.78","10072.77","153969.55","0","0","0","0","../WebScript/Upload/Electric/13490956_381821_06082026152716.jpg","","0","0","0","48229","41702","13490956","1129","485","2390815000","8","485","2390815000","5532015","0","75","363","202607","256907","2569","10","31","20260731","พลังงานไฟฟ้าตามใบแจ้งหนี้","การประปาส่วนภูมิภาคสาขาอำนาจเจริญ","กปภ.สาขาอำนาจเจริญ","อำนาจเจริญ","การประปาส่วนภูมิภาคสาขาอำนาจเจริญ","กปภ.สาขาอำนาจเจริญ","อำนาจเจริญ",,"กรกฎาคม","2569","1","0"
"41796","13491048","236","L12103","020007914917","810","3.2.2","สถานีจ่ายน้ำด่านนอก","7","สถานีจ่ายน้ำ","0.1623","0","17.27","16.12","12.67","7289.01","2890.27","1876.95","2521.79","307","7289.01","2295.7","23545.57","312.24","1183.01","0","0","27336.52","1913.56","29250.08","0","0","0","0","../WebScript/Upload/Electric/13491048_384075_07082026145150.jpg","","0","0","0","51190","41796","13491048","1228","809","2590513000","5","809","2590513000","5552013","0","75","363","202607","256907","2569","10","31","20260731","พลังงานไฟฟ้าตามใบแจ้งหนี้","การประปาส่วนภูมิภาคสาขาสะเดา","กปภ.สาขาสะเดา","สะเดา","การประปาส่วนภูมิภาคสาขาสะเดา","กปภ.สาขาสะเดา","สะเดา",,"กรกฎาคม","2569","1","1"
"41712","13490966","894","F04301","9803 020013527073","523","3.1.2","แรงสูงศีขรภูมิ","11","สำนักงาน-แรงสูง-บ้านพัก","0.1623","0","52.1","56.11","44.89","21826.15","9655.81","5433.37","6736.97","392","21826.15","11012.15","68689.08","312.24","3542.38","0","0","83555.85","5848.91","89404.76","0","0","0","0",,"","2057","0","0","48578","41712","13490966","1142","522","2390828000","8","522","2390828000","5532025","0","75","363","202607","256907","2569","10","31","20260731","พลังงานไฟฟ้าตามใบแจ้งหนี้","การประปาส่วนภูมิภาคสาขาศีขรภูมิ","กปภ.สาขาศีขรภูมิ","ศีขรภูมิ","การประปาส่วนภูมิภาคสาขาศีขรภูมิ","กปภ.สาขาศีขรภูมิ","ศีขรภูมิ",,"กรกฎาคม","2569","1","0"
"41624","13490878","287","B0201201","001020009426078","164","2.1.1","หน่วยบริการพรหมพิราม(เดิม)","2","โรงกรอง","0.1623","0","0","0","0","0","0","0","0","99","0","0","0","312.24","0","0","0","312.24","21.86","334.1","0","0","0","0","../WebScript/Upload/Electric/13490878_383906_06082026165103.jpg","","0","0","0","45449","41624","13490878","1048","161","2191027000","10","161","2191027000","5512027","0","75","363","202607","256907","2569","10","31","20260731","พลังงานไฟฟ้าตามใบแจ้งหนี้","การประปาส่วนภูมิภาคสาขาพิษณุโลก","กปภ.สาขาพิษณุโลก","พิษณุโลก","การประปาส่วนภูมิภาคสาขาพิษณุโลก","กปภ.สาขาพิษณุโลก","พิษณุโลก",,"กรกฎาคม","2569","1","1"
"41796","13491048","235","L12102","020008000522","810","3.2.2","สถานีจ่ายน้ำปาดังเบซาร์","10","แรงต่ำ-แรงสูง","0.1623","0","62.32","90.26","90.1","35963.08","14664.98","9774.45","11523.65","149","35963.08","8284.2","116810.07","312.24","5836.81","56.07","0","131299.99","9191","140490.99","0","0","0","0","../WebScript/Upload/Electric/13491048_384074_07082026145115.jpg","แรงสูง100%","35963.08","0","0","51190","41796","13491048","1228","809","2590513000","5","809","2590513000","5552013","0","75","363","202607","256907","2569","10","31","20260731","พลังงานไฟฟ้าตามใบแจ้งหนี้","การประปาส่วนภูมิภาคสาขาสะเดา","กปภ.สาขาสะเดา","สะเดา","การประปาส่วนภูมิภาคสาขาสะเดา","กปภ.สาขาสะเดา","สะเดา",,"กรกฎาคม","2569","1","1"
"41814","13503350","588","H01101","9910 020001979604","869","3.1.2","สำนักงานประปาเขต 1","1","สำนักงาน","0.1623","0","129.36","138.77","35.28","32263","18533.44","9396.08","4333.48","11633","32263","27235","101534.89","312.24","5236.38","0","0","134318.41","9402.29","143720.7","0","0","0","0","../WebScript/Upload/Electric/13503350_384063_05082026144855.jpg","","0","0","0","48053","41814","13503350","1101","869","2390190000","1","869","2390190000","5531000","0","75","363","202607","256907","2569","10","31","20260731","พลังงานไฟฟ้าตามใบแจ้งหนี้","สำนักงาน  กปภ.ข. 1","สนง.เขต 1","สนง.ข.1","สำนักงาน  กปภ.ข. 1","สนง.เขต 1","สนง.ข.1",,"กรกฎาคม","2569","1","0"
"41715","13490969","1092","E11101","9151 020012601060","535","3.1.2","โรงกรองน้ำ","10","แรงต่ำ-แรงสูง","0.1623","0","72.04","70.54","64.57","31618","13668.41","7259.71","10689.88","2266","31618","14138.57","99505.01","312.24","5131.6","112.14","0","119199.56","8343.97","127543.53","0","0","0","0","../WebScript/Upload/Electric/13490969_384369_07082026094826.jpg","","0","0","0","48696","41715","13490969","1145","534","2390831000","8","534","2390831000","5532029","0","75","363","202607","256907","2569","10","31","20260731","พลังงานไฟฟ้าตามใบแจ้งหนี้","การประปาส่วนภูมิภาคสาขากันทรลักษ์","กปภ.สาขากันทรลักษ์","กันทรลักษ์","การประปาส่วนภูมิภาคสาขากันทรลักษ์","กปภ.สาขากันทรลักษ์","กันทรลักษ์",,"กรกฎาคม","2569","1","0"
"41626","13490880","160","B05101","9801020009942551","183","3.2.2","เสาไฟฟ้าด้านหน้าโรงสูบแรงสูง น.วังกรด","3","แรงสูง","0.1623","0","50.87","91.4","74","27879.47","9652.49","9265.78","8961.2","159","27879.47","6762.15","87842.64","312.24","4524.84","0","0","99441.87","6960.93","106402.8","0","0","0","0","../WebScript/Upload/Electric/13490880_382354_04082026142333.jpg","","0","0","0","45565","41626","13490880","1050","177","2191029000","10","177","2191029000","5512029","0","75","363","202607","256907","2569","10","31","20260731","พลังงานไฟฟ้าตามใบแจ้งหนี้","การประปาส่วนภูมิภาคสาขาพิจิตร","กปภ.สาขาพิจิตร","พิจิตร","การประปาส่วนภูมิภาคสาขาพิจิตร","กปภ.สาขาพิจิตร","พิจิตร",,"กรกฎาคม","2569","1","1"
"41802","13491053","479","23075662","9815 020008347285","825","3.1.2","สำนักงาน กปภ.สาขาตรัง","1","สำนักงาน","0.1623","0","27.39","28.6","12.41","5629.44","3489.08","1145.63","994.73","2400","5629.44","5613.04","17716.41","312.24","913.66","0","0","24555.35","1718.87","26274.22","0","0","0","0","../WebScript/Upload/Electric/13491053_384099_12082026170253.jpg","","0","0","0","51336","41802","13491053","1234","824","2590519000","5","824","2590519000","5552018","0","75","363","202607","256907","2569","10","31","20260731","พลังงานไฟฟ้าตามใบแจ้งหนี้","การประปาส่วนภูมิภาคสาขาตรัง","กปภ.สาขาตรัง","ตรัง","การประปาส่วนภูมิภาคสาขาตรัง","กปภ.สาขาตรัง","ตรัง",,"กรกฎาคม","2569","1","1"
"41679","13490933","2127","H07101","9888 020019803926","419","3.2.2","สถานีจ่ายน้ำบางพระ (คลองห้วยกรุ)","7","สถานีจ่ายน้ำ","0.1623","0","115.9","112.71","115.9","36941","13784.43","9979.63","13176.94","31","36941","15406.59","117965.44","312.24","5995.52","448.56","0","140128.35","9808.98","149937.33","0","0","0","0","../WebScript/Upload/Electric/13490933_384622_13082026151455.jpg","","0","0","0","47580","41679","13490933","1105","418","2390114000","1","418","2390114000","5531015","0","75","363","202607","256907","2569","10","31","20260731","พลังงานไฟฟ้าตามใบแจ้งหนี้","การประปาส่วนภูมิภาคสาขาศรีราชา","กปภ.สาขาศรีราชา","ศรีราชา","การประปาส่วนภูมิภาคสาขาศรีราชา","กปภ.สาขาศรีราชา","ศรีราชา",,"กรกฎาคม","2569","1","1"
"41770","13491022","456","27679630","020008835416","720","2.2.1","สถานีจ่ายน้ำบางใบไม้","7","สถานีจ่ายน้ำ","0.1623","0","1.14","1.33","1.46","369.71","117.02","128.92","123.77","289","369.71","1256.31","0","312.24","60","0","0","1628.55","114","1742.55","0","0","0","0","../WebScript/Upload/Electric/13491022_384826_13082026095955.jpg","","0","0","0","50369","41770","13491022","1204","720","2590411000","4","720","2590411000","5551011","0","75","363","202607","256907","2569","10","31","20260731","พลังงานไฟฟ้าตามใบแจ้งหนี้","การประปาส่วนภูมิภาคสาขาสุราษฎร์ธานี(ชั้นพิเศษ)","กปภ.สาขาสุราษฎร์ธานี(ชั้นพิเศษ)","สุราษฎร์ธานี","การประปาส่วนภูมิภาคสาขาสุราษฎร์ธานี(ชั้นพิเศษ)","กปภ.สาขาสุราษฎร์ธานี(ชั้นพิเศษ)","สุราษฎร์ธานี",,"กรกฎาคม","2569","1","1"
"41729","13490983","79","23057466","GPHI9803 020000507356","590","3.2.2","โรงกรองน้ำ ผักไห่","2","โรงกรอง","0.1623","0","64.95","65.69","66.06","27585","11266.49","6601.95","9716.56","2315","27585","8633.8","89626.37","312.24","4477.05","336.42","0","103385.88","7237.01","110622.89","0","0","0","0","../WebScript/Upload/Electric/13490983_382384_03082026152307.jpg","","0","0","0","49181","41729","13490983","1161","590","2490224000","2","590","2490224000","5541022","0","75","363","202607","256907","2569","10","31","20260731","พลังงานไฟฟ้าตามใบแจ้งหนี้","การประปาส่วนภูมิภาคสาขาผักไห่","กปภ.สาขาผักไห่","ผักไห่","การประปาส่วนภูมิภาคสาขาผักไห่","กปภ.สาขาผักไห่","ผักไห่",,"กรกฎาคม","2569","1","1"
"41645","13490899","1333","E04501","9801020011630747","256","3.1.2","สถานีจ่ายน้ำบรบือ","7","สถานีจ่ายน้ำ","0.1623","0","63.47","63.96","63.71","40403.67","15147.92","12418.75","12837","114","40403.67","12552.79","127154.39","312.24","6557.52","0","0","146576.94","10260.39","156837.33","0","0","0","0","../WebScript/Upload/Electric/13490899_382589_11082026163110.png","","0","0","0","46256","41645","13490899","1071","254","2290622000","6","254","2290622000","5521022","0","75","363","202607","256907","2569","10","31","20260731","พลังงานไฟฟ้าตามใบแจ้งหนี้","การประปาส่วนภูมิภาคสาขามหาสารคาม","กปภ.สาขามหาสารคาม","มหาสารคาม","การประปาส่วนภูมิภาคสาขามหาสารคาม","กปภ.สาขามหาสารคาม","มหาสารคาม",,"กรกฎาคม","2569","1","1"
"41761","13491013","492","I12201","9011020003603379","689","3.2.2","สำนักงาน (หลังโรงกรองน้ำ)","3","แรงสูง","0.1623","0","29.9","24.51","23.29","9530.43","4768.51","2113.05","2648.87","212","9530.43","3974.61","32349.56","312.24","1546.79","0","0","38183.2","2672.82","40856.02","0","0","0","0","../WebScript/Upload/Electric/13491013_384187_06082026111346.png","","0","0","0","50071","41761","13491013","1194","688","2490326000","3","688","2490326000","5542025","0","75","363","202607","256907","2569","10","31","20260731","พลังงานไฟฟ้าตามใบแจ้งหนี้","การประปาส่วนภูมิภาคสาขาเลาขวัญ","กปภ.สาขาเลาขวัญ","เลาขวัญ","การประปาส่วนภูมิภาคสาขาเลาขวัญ","กปภ.สาขาเลาขวัญ","เลาขวัญ",,"กรกฎาคม","2569","1","1"
"41679","13490933","1396","H07101","9043 020002405794","418","3.2.2","สถานีสูบน้ำแรงต่ำ อ่างเก็บน้ำหนองค้อ","4","แรงต่ำ","0.1623","0","317.34","317.34","227.52","139448","51192.8","39696.88","48558.32","292","139448","42184.01","443975.61","312.24","22632.41","1569.96","0","510674.23","35747.2","546421.43","0","0","0","0","../WebScript/Upload/Electric/13490933_384610_13082026144720.jpg","","0","0","0","47580","41679","13490933","1105","418","2390114000","1","418","2390114000","5531015","0","75","363","202607","256907","2569","10","31","20260731","พลังงานไฟฟ้าตามใบแจ้งหนี้","การประปาส่วนภูมิภาคสาขาศรีราชา","กปภ.สาขาศรีราชา","ศรีราชา","การประปาส่วนภูมิภาคสาขาศรีราชา","กปภ.สาขาศรีราชา","ศรีราชา",,"กรกฎาคม","2569","1","1"
"41719","13490973","7","5900797129","GNOK9803 020000373793","558","4.2.2","โรงกรองน้ำหนองแค","2","โรงกรอง","0.1623","0","497.74","533.72","485.75","298224.01","104825.17","86264.88","107133.96","156","298224.01","66164.58","942130.56","312.24","48401.76","0","0","1057009.14","73990.64","1130999.78","0","0","0","0","../WebScript/Upload/Electric/13490973_384018_08082026101734.jpg","","0","0","0","48867","41719","13490973","1149","557","2490212000","2","557","2490212000","5541012","0","75","363","202607","256907","2569","10","31","20260731","พลังงานไฟฟ้าตามใบแจ้งหนี้","การประปาส่วนภูมิภาคสาขาหนองแค","กปภ.สาขาหนองแค","หนองแค","การประปาส่วนภูมิภาคสาขาหนองแค","กปภ.สาขาหนองแค","หนองแค",,"กรกฎาคม","2569","1","1"
"41611","13490865","1460","C02601","9806020006613207","105","3.2.2","โรงกรองน้ำหาดเหนือ","2","โรงกรอง","0.1623","0","73.68","72.89","74.48","33669","12308.46","9468.04","11892.5","327","33669","9794.28","107113.8","312.24","5464.48","56.07","0","122740.87","8591.86","131332.73","0","0","0","0","../WebScript/Upload/Electric/13490865_380203_10082026152559.jpg","","0","0","0","44940","41611","13490865","1035","104","2191014000","10","104","2191014000","5512014","0","75","363","202607","256907","2569","10","31","20260731","พลังงานไฟฟ้าตามใบแจ้งหนี้","การประปาส่วนภูมิภาคสาขาพยุหะคีรี","กปภ.สาขาพยุหะคีรี","พยุหะคีรี","การประปาส่วนภูมิภาคสาขาพยุหะคีรี","กปภ.สาขาพยุหะคีรี","พยุหะคีรี",,"กรกฎาคม","2569","1","1"
"41614","13490868","1263","B04101","9082020009442818","119","3.1.2","สำนักงาน","1","สำนักงาน","0.1623","0","28.22","23.75","10.31","5478.59","3914.81","962.4","601.38","264","5478.59","5538.46","17241.67","312.24","889.18","0","0","23981.55","1678.71","25660.26","0","0","0","0","../WebScript/Upload/Electric/13490868_382486_03082026181026.jpg","","0","0","0","45065","41614","13490868","1038","119","2191017000","10","119","2191017000","5512017","0","75","363","202607","256907","2569","10","31","20260731","พลังงานไฟฟ้าตามใบแจ้งหนี้","การประปาส่วนภูมิภาคสาขากำแพงเพชร","กปภ.สาขากำแพงเพชร","กำแพงเพชร","การประปาส่วนภูมิภาคสาขากำแพงเพชร","กปภ.สาขากำแพงเพชร","กำแพงเพชร",,"กรกฎาคม","2569","1","1"
"41626","13490880","159","B01601","9801020009938846","185","3.2.2","เสาไฟฟ้าหน้าโรงสุงแรงสูง น.โคกสลุด","11","สำนักงาน-แรงสูง-บ้านพัก","0.1623","0","98.81","98.16","98.16","53253.31","16730.37","19718.38","16804.56","47","53253.31","13134.81","165092.98","312.24","8643.01","392.49","0","187575.53","13130.29","200705.82","0","0","0","0","../WebScript/Upload/Electric/13490880_382357_04082026141342.jpg","","0","0","0","45565","41626","13490880","1050","177","2191029000","10","177","2191029000","5512029","0","75","363","202607","256907","2569","10","31","20260731","พลังงานไฟฟ้าตามใบแจ้งหนี้","การประปาส่วนภูมิภาคสาขาพิจิตร","กปภ.สาขาพิจิตร","พิจิตร","การประปาส่วนภูมิภาคสาขาพิจิตร","กปภ.สาขาพิจิตร","พิจิตร",,"กรกฎาคม","2569","1","1"
"41727","13490981","85","23073939","GWCN9801 020001139155","587","3.2.2","บ่อบาดาล วิเศษชัยชาญ","3","แรงสูง","0.1623","0","31.73","37.4","36.19","13294.82","5900.3","3490.95","3903.57","4689","13294.82","4217.87","43939.4","312.24","2157.75","0","0","50627.26","3543.91","54171.17","0","0","0","0","../WebScript/Upload/Electric/13490981_384365_07082026094342.jpg","","0","0","0","49135","41727","13490981","1159","586","2490222000","2","586","2490222000","5541020","0","75","363","202607","256907","2569","10","31","20260731","พลังงานไฟฟ้าตามใบแจ้งหนี้","การประปาส่วนภูมิภาคสาขาวิเศษชัยชาญ","กปภ.สาขาวิเศษชัยชาญ","วิเศษชัยชาญ","การประปาส่วนภูมิภาคสาขาวิเศษชัยชาญ","กปภ.สาขาวิเศษชัยชาญ","วิเศษชัยชาญ",,"กรกฎาคม","2569","1","1"
"41649","13490903","1206","F02301","9801020013418924","273","3.2.2","โรงกรองน้ำโนนจาน","2","โรงกรอง","0.1623","0","90.37","101.92","111.47","39134.01","11545.13","14905.16","12683.72","186","39134.01","12012.88","120136.8","312.24","6351.45","0","0","138813.37","9716.94","148530.31","0","0","0","0","../WebScript/Upload/Electric/13490903_381530_24072026162338.jpg","","0","0","0","46425","41649","13490903","1075","272","2290626000","6","272","2290626000","5521026","0","75","363","202607","256907","2569","10","31","20260731","พลังงานไฟฟ้าตามใบแจ้งหนี้","การประปาส่วนภูมิภาคสาขาจัตุรัส","กปภ.สาขาจัตุรัส","จัตุรัส","การประปาส่วนภูมิภาคสาขาจัตุรัส","กปภ.สาขาจัตุรัส","จัตุรัส",,"กรกฎาคม","2569","1","1"
"41730","13490984","738","23058911","GSEN9802-020000740903","592","3.2.2","สถานีสูบจ่ายน้ำสามกอ","8","สถานีปรับแรงดัน","0.1623","0","33.74","34.13","31.44","8593","3128.91","2638.1","2825.99","371","8593","4485.06","27317.9","312.24","1394.64","0","0","33509.84","2345.69","35855.53","0","0","0","0","../WebScript/Upload/Electric/13490984_385091_14082026074020.jpg","","0","0","0","49204","41730","13490984","1162","592","2490225000","2","592","2490225000","5541023","0","75","363","202607","256907","2569","10","31","20260731","พลังงานไฟฟ้าตามใบแจ้งหนี้","การประปาส่วนภูมิภาคสาขาเสนา","กปภ.สาขาเสนา","เสนา","การประปาส่วนภูมิภาคสาขาเสนา","กปภ.สาขาเสนา","เสนา",,"กรกฎาคม","2569","1","1"
"41647","13490901","1301","5700000117","020013406606","266","3.2.2","โรงกรองน้ำบ้านเขว้า","2","โรงกรอง","0.1623","0","96.96","90.46","89.86","39259.39","12385.57","14565.27","12308.55","515","39259.39","12888.89","121791.36","312.24","6371.8","0","0","141364.29","9895.5","151259.79","0","0","0","0","../WebScript/Upload/Electric/13490901_384582_07082026141958.png","","0","0","0","46337","41647","13490901","1073","262","2290624000","6","262","2290624000","5521024","0","75","363","202607","256907","2569","10","31","20260731","พลังงานไฟฟ้าตามใบแจ้งหนี้","การประปาส่วนภูมิภาคสาขาชัยภูมิ","กปภ.สาขาชัยภูมิ","ชัยภูมิ","การประปาส่วนภูมิภาคสาขาชัยภูมิ","กปภ.สาขาชัยภูมิ","ชัยภูมิ",,"กรกฎาคม","2569","1","1"
"41716","13490970","813","E07101","9808 020012058670","539","3.2.2","โรงกรองน้ำเมืองใหม่","11","สำนักงาน-แรงสูง-บ้านพัก","0.1623","0","245.89","253.57","245.89","117891","50176.19","30620.54","37094.27","4849","117891","32686.16","386241.21","312.24","19133.71","0","0","438373.32","30686.13","469059.45","0","30","0","0","../WebScript/Upload/Electric/13490970_381361_05082026162010.jpg","","4849","0","0","48726","41716","13490970","1099","538","2390832000","8","538","2390832000","5532030","0","75","363","202607","256907","2569","10","31","20260731","พลังงานไฟฟ้าตามใบแจ้งหนี้","การประปาส่วนภูมิภาคสาขามุกดาหาร","กปภ.สาขามุกดาหาร","มุกดาหาร","การประปาส่วนภูมิภาคสาขามุกดาหาร","กปภ.สาขามุกดาหาร","มุกดาหาร",,"กรกฎาคม","2569","0","0"
"41615","13490869","2711","B04301","9011020009794096","126","3.2.2","แรงต่ำแสนตอ","4","แรงต่ำ","0.1623","0","31.6","30.87","31.44","17203.73","6234.43","5292.01","5677.29","31","17203.73","4200.59","54645","312.24","2792.17","112.14","0","62062.14","4344.35","66406.49","0","0","0","0","../WebScript/Upload/Electric/13490869_381465_03082026163915.jpg","","0","0","0","45116","41615","13490869","1039","125","2191018000","10","125","2191018000","5512018","0","75","363","202607","256907","2569","10","31","20260731","พลังงานไฟฟ้าตามใบแจ้งหนี้","การประปาส่วนภูมิภาคสาขาขาณุวรลักษบุรี","กปภ.สาขาขาณุวรลักษบุรี","ขาณุวรลักษบุรี","การประปาส่วนภูมิภาคสาขาขาณุวรลักษบุรี","กปภ.สาขาขาณุวรลักษบุรี","ขาณุวรลักษบุรี",,"กรกฎาคม","2569","1","1"
"41638","13490892","1268","D12204","9067 020015927204","227","3.1.2","หน่วยบริการแวงใหญ่","7","สถานีจ่ายน้ำ","0.1623","0","22.58","0","0","11653.6","11653.6","0","0","111","11653.6","0","45549.26","312.24","1891.38","0","0","47752.88","3342.7","51095.58","0","0","0","0","../WebScript/Upload/Electric/13490892_383842_04082026212143.png","หักมิเตอร์ย่อย  111 หน่วย","0","0","0","45990","41638","13490892","1064","225","2290615000","6","225","2290615000","5521015","0","75","363","202607","256907","2569","10","31","20260731","พลังงานไฟฟ้าตามใบแจ้งหนี้","การประปาส่วนภูมิภาคสาขาชนบท","กปภ.สาขาชนบท","ชนบท","การประปาส่วนภูมิภาคสาขาชนบท","กปภ.สาขาชนบท","ชนบท",,"กรกฎาคม","2569","1","1"
"41598","13490852","1038","B08301","9004020009568748","60","3.2.2","แรงสูง นบก.ปัว","3","แรงสูง","0.1623","0","55.23","54.87","54.87","14719.39","6028.47","3979.16","4711.76","24","14719.39","7341.82","47851.07","312.24","2388.96","112.14","0","58006.13","4060.13","62066.56","0","0","0","0","../WebScript/Upload/Electric/13490852_380697_07082026093311.jpg","","0","0","0","44499","41598","13490852","1021","57","2190928000","9","57","2190928000","5511029","0","75","363","202607","256907","2569","10","31","20260731","พลังงานไฟฟ้าตามใบแจ้งหนี้","การประปาส่วนภูมิภาคสาขาท่าวังผา","กปภ.สาขาท่าวังผา","ท่าวังผา","การประปาส่วนภูมิภาคสาขาท่าวังผา","กปภ.สาขาท่าวังผา","ท่าวังผา",,"กรกฎาคม","2569","1","0"
"41615","13490869","1509","ฺB12101","9011020009791995","125","2.1.1","สำนักงานประปาขาณุวรลักษบุรี","1","สำนักงาน","0.1623","0","19.65","0","0","3345","3345","0","0","537","3345","13074.27","0","312.24","542.89","0","0","13929.4","975.06","14904.46","0","0","0","0","../WebScript/Upload/Electric/13490869_381463_03082026163714.jpg","","0","0","0","45116","41615","13490869","1039","125","2191018000","10","125","2191018000","5512018","0","75","363","202607","256907","2569","10","31","20260731","พลังงานไฟฟ้าตามใบแจ้งหนี้","การประปาส่วนภูมิภาคสาขาขาณุวรลักษบุรี","กปภ.สาขาขาณุวรลักษบุรี","ขาณุวรลักษบุรี","การประปาส่วนภูมิภาคสาขาขาณุวรลักษบุรี","กปภ.สาขาขาณุวรลักษบุรี","ขาณุวรลักษบุรี",,"กรกฎาคม","2569","1","1"
"41730","13490984","2630","6201224332","GBBN9804-020000955049","593","3.2.2","โรงกรองน้ำ บางบาล","2","โรงกรอง","0.1623","0","212.46","230.03","220.45","87675","25966.24","29488.58","32220.18","141","87675","28242.31","269311.25","312.24","14229.65","0","0","312095.45","21846.68","333942.13","0","0","0","0","../WebScript/Upload/Electric/13490984_385095_14082026072940.jpg","","0","0","0","49204","41730","13490984","1162","592","2490225000","2","592","2490225000","5541023","0","75","363","202607","256907","2569","10","31","20260731","พลังงานไฟฟ้าตามใบแจ้งหนี้","การประปาส่วนภูมิภาคสาขาเสนา","กปภ.สาขาเสนา","เสนา","การประปาส่วนภูมิภาคสาขาเสนา","กปภ.สาขาเสนา","เสนา",,"กรกฎาคม","2569","1","1"
"41689","13490943","329","6201224113","9803 020001951533","443","4.2.2","สถานีผลิต/จ่ายน้ำปากแซง","2","โรงกรอง","0.1623","0","809.47","785.66","851.14","379707.99","126718.13","128146.61","124843.25","3062","379707.99","107602.85","1188885.7","312.24","61626.61","0","0","1358427.4","95089.92","1453517.32","0","0","0","0","../WebScript/Upload/Electric/13490943_379577_06082026104742.jpg","","0","0","0","47825","41689","13490943","1115","442","2390124000","1","442","2390124000","5531024","0","75","363","202607","256907","2569","10","31","20260731","พลังงานไฟฟ้าตามใบแจ้งหนี้","การประปาส่วนภูมิภาคสาขาจันทบุรี","กปภ.สาขาจันทบุรี","จันทบุรี","การประปาส่วนภูมิภาคสาขาจันทบุรี","กปภ.สาขาจันทบุรี","จันทบุรี",,"กรกฎาคม","2569","1","1"
"41725","13490979","855","6300411255","9099 020006939842","577","3.2.2","บ่อบาดาลสิงห์บุรี","8","สถานีปรับแรงดัน","0.1623","0","20.27","16.89","9.46","5219.86","2920.74","1101.78","1197.34","961","5219.86","2694.49","18206.31","312.24","847.18","0","0","22060.22","1544.22","23604.44","0","0","0","0","../WebScript/Upload/Electric/13490979_384155_06082026095951.jpg","","0","0","0","49061","41725","13490979","1155","577","2490218000","2","577","2490218000","5541018","0","75","363","202607","256907","2569","10","31","20260731","พลังงานไฟฟ้าตามใบแจ้งหนี้","การประปาส่วนภูมิภาคสาขาสิงห์บุรี","กปภ.สาขาสิงห์บุรี","สิงห์บุรี","การประปาส่วนภูมิภาคสาขาสิงห์บุรี","กปภ.สาขาสิงห์บุรี","สิงห์บุรี",,"กรกฎาคม","2569","1","1"
"41759","13491011","395","I07101","9807020003584719","684","3.2.2","ด้่านหน้าใต้ถังสูง 250 ลบ.ม.(อู่ทอง)","11","สำนักงาน-แรงสูง-บ้านพัก","0.1623","0","114.44","83.23","104.04","38170","16969.58","9548.28","11652.14","1454","38170","15212.51","126198.56","312.24","6194.99","0","0","147918.3","10354.28","158272.58","0","0","0","0","../WebScript/Upload/Electric/13491011_381498_11082026143405.jpg","","1454","0","0","50022","41759","13491011","1192","683","2490324000","3","683","2490324000","5542023","0","75","363","202607","256907","2569","10","31","20260731","พลังงานไฟฟ้าตามใบแจ้งหนี้","การประปาส่วนภูมิภาคสาขาอู่ทอง","กปภ.สาขาอู่ทอง","อู่ทอง","การประปาส่วนภูมิภาคสาขาอู่ทอง","กปภ.สาขาอู่ทอง","อู่ทอง",,"กรกฎาคม","2569","1","1"
"41614","13490868","1257","B04101","9805020010684748","120","3.2.2","โรงกรองน้ำหนองปลิง","11","สำนักงาน-แรงสูง-บ้านพัก","0.1623","0","157.14","153.17","154.76","94997","35832.2","25165.87","33998.93","763","94997","20888.62","303965.73","312.24","15418.01","0","0","340584.6","23840.92","364425.52","0","0","0","0","../WebScript/Upload/Electric/13490868_382493_03082026174301.jpg","","0","0","0","45065","41614","13490868","1038","119","2191017000","10","119","2191017000","5512017","0","75","363","202607","256907","2569","10","31","20260731","พลังงานไฟฟ้าตามใบแจ้งหนี้","การประปาส่วนภูมิภาคสาขากำแพงเพชร","กปภ.สาขากำแพงเพชร","กำแพงเพชร","การประปาส่วนภูมิภาคสาขากำแพงเพชร","กปภ.สาขากำแพงเพชร","กำแพงเพชร",,"กรกฎาคม","2569","1","1"
"41618","13490872","1044","B02101","9802  020009713818","140","3.2.2","บ่อบาดาลสถานีผลิตน้ำบ้านสวน 2","3","แรงสูง","0.1623","0","153.83","153.03","176.94","218095.94","22707.41","16952.85","22348.74","231","218095.94","20448.62","197335.08","312.24","10064.06","0","0","228160","15971.2","244131.2","0","0","0","0","../WebScript/Upload/Electric/13490872_381969_07082026171253.jpg","","0","0","0","45248","41618","13490872","1042","140","2191021000","10","140","2191021000","5512021","0","75","363","202607","256907","2569","10","31","20260731","พลังงานไฟฟ้าตามใบแจ้งหนี้","การประปาส่วนภูมิภาคสาขาสุโขทัย","กปภ.สาขาสุโขทัย","สุโขทัย","การประปาส่วนภูมิภาคสาขาสุโขทัย","กปภ.สาขาสุโขทัย","สุโขทัย",,"กรกฎาคม","2569","1","1"
"41603","13490857","451","A10101","9806020005111589","74","3.2.2","โรงกรองแม่ข่ายเทิง","2","โรงกรอง","0.1623","0","49.23","45.33","40.51","21706.28","9332.22","5678.62","6695.44","1431","21706.28","6544.14","71263.41","312.24","3522.93","0","0","81642.72","5714.99","87357.71","0","0","0","0","../WebScript/Upload/Electric/13490857_382215_03082026161717.jpg","","0","0","0","44656","41603","13490857","1026","73","2190933000","9","73","2190933000","5511034","0","75","363","202607","256907","2569","10","31","20260731","พลังงานไฟฟ้าตามใบแจ้งหนี้","การประปาส่วนภูมิภาคสาขาเทิง","กปภ.สาขาเทิง","เทิง","การประปาส่วนภูมิภาคสาขาเทิง","กปภ.สาขาเทิง","เทิง",,"กรกฎาคม","2569","1","1"
"41719","13490973","129","27664833","GBHK9804 020000321593","559","3.2.2","สถานีจ่ายน้ำหินกอง","7","สถานีจ่ายน้ำ","0.1623","0","341.72","345.7","349.67","187590","68543.26","52291.56","66755.18","1250","187590","45424.84","596740.15","312.24","30445.86","0","0","672923.09","47104.62","720027.71","0","0","0","0","../WebScript/Upload/Electric/13490973_384020_08082026102220.jpg","","0","0","0","48867","41719","13490973","1149","557","2490212000","2","557","2490212000","5541012","0","75","363","202607","256907","2569","10","31","20260731","พลังงานไฟฟ้าตามใบแจ้งหนี้","การประปาส่วนภูมิภาคสาขาหนองแค","กปภ.สาขาหนองแค","หนองแค","การประปาส่วนภูมิภาคสาขาหนองแค","กปภ.สาขาหนองแค","หนองแค",,"กรกฎาคม","2569","1","1"
"41624","13490878","292","B01602","0001020009968966","168","2.1.1","หน่วยบริการบ้านใหม่","2","โรงกรอง","0.1623","0","0","0","0","7352","7352","0","0","32","7352","28736.03","0","312.24","1193.23","0","0","30241.5","2116.91","32358.41","0","0","0","0","../WebScript/Upload/Electric/13490878_383908_06082026165225.jpg","","0","0","0","45449","41624","13490878","1048","161","2191027000","10","161","2191027000","5512027","0","75","363","202607","256907","2569","10","31","20260731","พลังงานไฟฟ้าตามใบแจ้งหนี้","การประปาส่วนภูมิภาคสาขาพิษณุโลก","กปภ.สาขาพิษณุโลก","พิษณุโลก","การประปาส่วนภูมิภาคสาขาพิษณุโลก","กปภ.สาขาพิษณุโลก","พิษณุโลก",,"กรกฎาคม","2569","1","1"
"41655","13490909","743","F02501","9067020012822229","300","3.2.2","โรงสูบน้ำแรงต่ำบึงชวน","4","แรงต่ำ","0.1623","0","147.49","144.64","145.05","78643.23","28297.67","25019.54","25326.02","138","78943.23","19605.85","249479.35","312.24","12763.8","0","0","282161.24","19751.29","301912.53","0","0","0","0","../WebScript/Upload/Electric/13490909_381786_03082026090036.jpg","","0","0","0","46648","41655","13490909","1245","300","2290632000","6","300","2290632000","5521029","0","75","363","202607","256907","2569","10","31","20260731","พลังงานไฟฟ้าตามใบแจ้งหนี้","การประปาส่วนภูมิภาคสาขาบำเหน็จณรงค์","กปภ.สาขาบำเหน็จณรงค์","บำเหน็จณรงค์","การประปาส่วนภูมิภาคสาขาบำเหน็จณรงค์","กปภ.สาขาบำเหน็จณรงค์","บำเหน็จณรงค์",,"กรกฎาคม","2569","1","1"
"41626","13490880","1530","B05101","9810020010122944","178","3.2.2","สถานีผลิตน้ำ ราชช้างขวัญ","11","สำนักงาน-แรงสูง-บ้านพัก","0.1623","0","337.39","331.08","324.78","160906.99","51207.71","54952.12","54747.16","2389","160906.99","44849.25","499871.98","312.24","26115.2","0","0","571148.67","39980.41","611129.08","0","0","0","0","../WebScript/Upload/Electric/13490880_382349_06082026163304.jpg","","0","0","0","45565","41626","13490880","1050","177","2191029000","10","177","2191029000","5512029","0","75","363","202607","256907","2569","10","31","20260731","พลังงานไฟฟ้าตามใบแจ้งหนี้","การประปาส่วนภูมิภาคสาขาพิจิตร","กปภ.สาขาพิจิตร","พิจิตร","การประปาส่วนภูมิภาคสาขาพิจิตร","กปภ.สาขาพิจิตร","พิจิตร",,"กรกฎาคม","2569","1","1"
"41641","13490895","903","D12201","9016020014537647","240","3.2.2","โรงกรองน้ำโนนรามราช","2","โรงกรอง","0.1623","0","121.84","102.98","113.19","54978","22969.08","12938.77","19070.15","974","54978","16196.19","79441.96","312.24","8922.93","784.98","0","205658.3","14396.08","220054.38","0","0","0","0","../WebScript/Upload/Electric/13490895_384264_09082026102819.jpg","","0","0","0","46122","41641","13490895","1067","240","2290618000","6","240","2290618000","5521018","0","75","363","202607","256907","2569","10","31","20260731","พลังงานไฟฟ้าตามใบแจ้งหนี้","การประปาส่วนภูมิภาคสาขาเมืองพล","กปภ.สาขาเมืองพล","เมืองพล","การประปาส่วนภูมิภาคสาขาเมืองพล","กปภ.สาขาเมืองพล","เมืองพล",,"กรกฎาคม","2569","1","1"
"41670","13490924","1760","5900798267","9065020017105927","375","3.2.2","โรงกรองน้ำบ้านบึงโน","3","แรงสูง","0.1623","0","41.74","37.34","38.54","13754.69","5124.42","4337.27","4293","30","13754.69","5727.95","43910.69","312.24","2232.39","0","0","52183.27","3652.83","55836.1","0","0","0","0","../WebScript/Upload/Electric/13490924_384202_06082026135024.jpg","","0","0","0","47235","41670","13490924","1093","374","2290725000","7","374","2290725000","5522025","0","75","363","202607","256907","2569","10","31","20260731","พลังงานไฟฟ้าตามใบแจ้งหนี้","การประปาส่วนภูมิภาคสาขาสว่างแดนดิน","กปภ.สาขาสว่างแดนดิน","สว่างแดนดิน","การประปาส่วนภูมิภาคสาขาสว่างแดนดิน","กปภ.สาขาสว่างแดนดิน","สว่างแดนดิน",,"กรกฎาคม","2569","1","1"
"41670","13490924","872","23077298","9808020015984474","375","3.2.2","แรงสูง การประปาส่วนภูมิภาค สาขาสว่างแดนดิน","3","แรงสูง","0.1623","0","75.04","77.62","72.01","39166.01","16071.01","11221.18","11873.82","793","39166.01","9975.07","127371.95","312.24","6356.64","0","0","144015.9","10081.11","154097.01","0","0","0","0","../WebScript/Upload/Electric/13490924_384200_06082026135607.jpg","","0","0","0","47235","41670","13490924","1093","374","2290725000","7","374","2290725000","5522025","0","75","363","202607","256907","2569","10","31","20260731","พลังงานไฟฟ้าตามใบแจ้งหนี้","การประปาส่วนภูมิภาคสาขาสว่างแดนดิน","กปภ.สาขาสว่างแดนดิน","สว่างแดนดิน","การประปาส่วนภูมิภาคสาขาสว่างแดนดิน","กปภ.สาขาสว่างแดนดิน","สว่างแดนดิน",,"กรกฎาคม","2569","1","1"
"41670","13490924","878","6300580225","9032020015157398","377","3.1.2","แรงสูง  หนองหาน","3","แรงสูง","0.1623","0","51.76","52.33","31.54","18293.3","7265.01","5386.38","5641.91","306","18293.3","10270.29","57570.84","312.24","2969","0","0","71122.37","4978.57","76100.94","0","0","0","0","../WebScript/Upload/Electric/13490924_384207_06082026130210.jpg","","0","0","0","47235","41670","13490924","1093","374","2290725000","7","374","2290725000","5522025","0","75","363","202607","256907","2569","10","31","20260731","พลังงานไฟฟ้าตามใบแจ้งหนี้","การประปาส่วนภูมิภาคสาขาสว่างแดนดิน","กปภ.สาขาสว่างแดนดิน","สว่างแดนดิน","การประปาส่วนภูมิภาคสาขาสว่างแดนดิน","กปภ.สาขาสว่างแดนดิน","สว่างแดนดิน",,"กรกฎาคม","2569","1","1"
"41585","13490839","437","A12301","020004894175","14","2.1.2","สำนักงานประปาแม่แตง","1","สำนักงาน","0.1623","0","0","0","0","2373","0","0","0","346","2373","10266.72","0","33.29","385.14","0","0","10685.15","747.96","11433.11","0","0","0","0","../WebScript/Upload/Electric/13490839_383716_04082026115234.jpg","หน่วยไฟฟ้าตู้น้ำดื่ม RO ประจำเดือน  กรกฎาคม  2569
จำนวน 8.7 หน่วย ( เลขมิเตอร์ไฟฟ้าเดือนก่อน = 2.6 เลขมิเตอร์เดือนนี้ = 11.3 )","0","0","0","44067","41585","13490839","1008","14","2190915000","9","14","2190915000","5511015","0","75","363","202607","256907","2569","10","31","20260731","พลังงานไฟฟ้าตามใบแจ้งหนี้","การประปาส่วนภูมิภาคสาขาแม่แตง","กปภ.สาขาแม่แตง","แม่แตง","การประปาส่วนภูมิภาคสาขาแม่แตง","กปภ.สาขาแม่แตง","แม่แตง",,"กรกฎาคม","2569","1","1"
"41631","13490885","1213","C06201","9051 020006961351","199","3.1.2","แรงสูง","3","แรงสูง","0.1623","0","102.21","95.8","94.45","39938.4","16727.82","11431.65","11778.93","1259","39938.4","20059.73","125690.14","312.24","6482","280.35","0","152824.46","10697.71","163522.17","0","0","0","0","../WebScript/Upload/Electric/13490885_382005_31072026141643.jpg","","0","0","0","45750","41631","13490885","1055","198","2191034000","10","198","2191034000","5512034","0","75","363","202607","256907","2569","10","31","20260731","พลังงานไฟฟ้าตามใบแจ้งหนี้","การประปาส่วนภูมิภาคสาขาชนแดน","กปภ.สาขาชนแดน","ชนแดน","การประปาส่วนภูมิภาคสาขาชนแดน","กปภ.สาขาชนแดน","ชนแดน",,"กรกฎาคม","2569","1","1"
"41636","13490890","962","F11102","020013026104","217","2.1.1","แรงสูงหน่วยบริการคอนสาร","3","แรงสูง","0.1623","0","17.44","18.24","18.15","4196.6","1588.38","1217.53","1390.69","13","4196.6","16402.83","0","312.24","681.11","0","0","17396.18","1217.73","18613.91","0","0","0","0","../WebScript/Upload/Electric/13490890_380768_24072026100624.jpg","","0","0","0","45902","41636","13490890","1062","215","2290613000","6","215","2290613000","5521013","0","75","363","202607","256907","2569","10","31","20260731","พลังงานไฟฟ้าตามใบแจ้งหนี้","การประปาส่วนภูมิภาคสาขาชุมแพ","กปภ.สาขาชุมแพ","ชุมแพ","การประปาส่วนภูมิภาคสาขาชุมแพ","กปภ.สาขาชุมแพ","ชุมแพ",,"กรกฎาคม","2569","1","1"
"41737","13490991","32","25212880","0019 020013328165","614","2.1.1","อาคารสำนักงานประปาปากช่อง","1","สำนักงาน","0.1623","0","0","0","0","3426","0","0","0","615","3426","13390.87","0","312.24","556.04","0","0","14259.15","998.14","15257.29","0","0","0","0","../WebScript/Upload/Electric/13490991_380491_04082026144432.jpg","","0","0","0","49392","41737","13490991","1169","614","2490232000","2","614","2490232000","5541030","0","75","363","202607","256907","2569","10","31","20260731","พลังงานไฟฟ้าตามใบแจ้งหนี้","การประปาส่วนภูมิภาคสาขาปากช่อง","กปภ.สาขาปากช่อง","ปากช่อง","การประปาส่วนภูมิภาคสาขาปากช่อง","กปภ.สาขาปากช่อง","ปากช่อง",,"กรกฎาคม","2569","1","1"
"41623","13490877","302","B06101","9803020010630297","157","3.2.2","สถานีผลิตน้ำปากฝาง","11","สำนักงาน-แรงสูง-บ้านพัก","0.1623","0","110.72","107.53","107.53","44989","14178.54","15508.78","15301.68","195","44989","14718.01","139542.78","312.24","7301.71","224.28","0","162099.02","11346.93","173445.95","0","0","0","0","../WebScript/Upload/Electric/13490877_381351_05082026134730.jpg","","0","0","0","45412","41623","13490877","1047","157","2191026000","10","157","2191026000","5512026","0","75","363","202607","256907","2569","10","31","20260731","พลังงานไฟฟ้าตามใบแจ้งหนี้","การประปาส่วนภูมิภาคสาขาอุตรดิตถ์","กปภ.สาขาอุตรดิตถ์","อุตรดิตถ์","การประปาส่วนภูมิภาคสาขาอุตรดิตถ์","กปภ.สาขาอุตรดิตถ์","อุตรดิตถ์",,"กรกฎาคม","2569","1","1"
"41628","13490882","886","B10101","9806020010560011","191","3.2.2","หน้าสำนักงาน","10","แรงต่ำ-แรงสูง","0.1623","0","287.3","284.18","312.28","135772","43110.4","46116.11","46545.49","3356","135772","38190.79","421632.61","312.24","22035.8","728.91","0","482900.35","33803.02","516703.37","0","0","0","0","../WebScript/Upload/Electric/13490882_382342_07082026135327.jpg","","0","0","0","45667","41628","13490882","1052","190","2191031000","10","190","2191031000","5512031","0","75","363","202607","256907","2569","10","31","20260731","พลังงานไฟฟ้าตามใบแจ้งหนี้","การประปาส่วนภูมิภาคสาขาตะพานหิน","กปภ.สาขาตะพานหิน","ตะพานหิน","การประปาส่วนภูมิภาคสาขาตะพานหิน","กปภ.สาขาตะพานหิน","ตะพานหิน",,"กรกฎาคม","2569","1","1"
"41680","13490934","190","H07101","9818 020001896243","421","3.2.2","โรงกรองน้ำไร่หนึ่ง","2","โรงกรอง","0.1623","0","300.33","410.98","410.98","138074","35684.27","50009.34","52380.39","1686","138074","39922.87","415891.55","312.24","22409.41","0","0","478536.07","33497.52","512033.59","0","0","0","0","../WebScript/Upload/Electric/13490934_382160_07082026215908.jpg","","0","0","0","47601","41680","13490934","1106","420","2390115000","1","420","2390115000","5531016","0","75","363","202607","256907","2569","10","31","20260731","พลังงานไฟฟ้าตามใบแจ้งหนี้","การประปาส่วนภูมิภาคสาขาแหลมฉบัง","กปภ.สาขาแหลมฉบัง","แหลมฉบัง","การประปาส่วนภูมิภาคสาขาแหลมฉบัง","กปภ.สาขาแหลมฉบัง","แหลมฉบัง",,"กรกฎาคม","2569","1","1"
"41585","13490839","438","A12301","020004921422","15","3.2.2","แม่ข่ายแม่แตง","11","สำนักงาน-แรงสูง-บ้านพัก","0.1623","0","105.09","101.09","109.49","47039","17781.48","12299.19","16958.33","49","47039","13969.61","150573.73","312.24","7634.43","728.91","0","173218.92","12125.32","185344.24","0","0","0","0","../WebScript/Upload/Electric/13490839_383718_04082026120320.jpg","","0","0","0","44067","41585","13490839","1008","14","2190915000","9","14","2190915000","5511015","0","75","363","202607","256907","2569","10","31","20260731","พลังงานไฟฟ้าตามใบแจ้งหนี้","การประปาส่วนภูมิภาคสาขาแม่แตง","กปภ.สาขาแม่แตง","แม่แตง","การประปาส่วนภูมิภาคสาขาแม่แตง","กปภ.สาขาแม่แตง","แม่แตง",,"กรกฎาคม","2569","1","1"
"41624","13490878","290","B01401","9804020009804873","162","3.1.2","แม่ข่ายเขาสมอแคลง","3","แรงสูง","0.1623","0","30.91","25.35","12.91","6887.2","3698.93","1682.23","1506.04","7347","6887.2","6066.4","21674.71","312.24","1117.79","0","0","29171.14","2041.98","31213.12","0","0","0","0","../WebScript/Upload/Electric/13490878_383898_06082026165129.jpg","","0","0","0","45449","41624","13490878","1048","161","2191027000","10","161","2191027000","5512027","0","75","363","202607","256907","2569","10","31","20260731","พลังงานไฟฟ้าตามใบแจ้งหนี้","การประปาส่วนภูมิภาคสาขาพิษณุโลก","กปภ.สาขาพิษณุโลก","พิษณุโลก","การประปาส่วนภูมิภาคสาขาพิษณุโลก","กปภ.สาขาพิษณุโลก","พิษณุโลก",,"กรกฎาคม","2569","1","1"
"41658","13490912","1405","24405352","9012020014925548","318","3.2.2","สถานีจ่ายน้ำโนนวารี","7","สถานีจ่ายน้ำ","0.1623","0","20.37","21.08","19.57","10829.72","4222.29","3105.54","3501.89","95.5","10829.72","2707.78","34869.41","312.24","1757.66","56.07","0","39703.16","2779.22","42482.38","0","0","0","0","../WebScript/Upload/Electric/13490912_382474_03082026171716.jpg","","0","0","0","46780","41658","13490912","1081","317","2290713000","7","317","2290713000","5522013","0","75","363","202607","256907","2569","10","31","20260731","พลังงานไฟฟ้าตามใบแจ้งหนี้","การประปาส่วนภูมิภาคสาขาบ้านผือ","กปภ.สาขาบ้านผือ","บ้านผือ","การประปาส่วนภูมิภาคสาขาบ้านผือ","กปภ.สาขาบ้านผือ","บ้านผือ",,"กรกฎาคม","2569","1","1"
"41670","13490924","876","27692371","9808020015978635","378","2.2.1","แรงสูง  โคกสี","3","แรงสูง","0.1623","0","19.57","19.01","19.57","5175.41","2078.79","1431.19","1665.43","8","5175.41","20228.6","0","312.24","839.97","0","0","21380.81","1496.66","22877.47","0","0","0","0","../WebScript/Upload/Electric/13490924_384210_06082026135946.jpg","","0","0","0","47235","41670","13490924","1093","374","2290725000","7","374","2290725000","5522025","0","75","363","202607","256907","2569","10","31","20260731","พลังงานไฟฟ้าตามใบแจ้งหนี้","การประปาส่วนภูมิภาคสาขาสว่างแดนดิน","กปภ.สาขาสว่างแดนดิน","สว่างแดนดิน","การประปาส่วนภูมิภาคสาขาสว่างแดนดิน","กปภ.สาขาสว่างแดนดิน","สว่างแดนดิน",,"กรกฎาคม","2569","1","1"
"41608","13490862","1225","C02101","9020020006269502","90","2.1.1","สำนักงานกปภ.ส.นว.","1","สำนักงาน","0.1623","0","21.19","0","0","3642","3642","0","0","414","3642","14235.13","0","312.24","591.1","0","0","15138.47","1059.69","16198.16","0","0","0","0","../WebScript/Upload/Electric/13490862_381225_31072026093021.jpg","","0","0","0","44815","41608","13490862","1032","90","2191011000","10","90","2191011000","5512011","0","75","363","202607","256907","2569","10","31","20260731","พลังงานไฟฟ้าตามใบแจ้งหนี้","การประปาส่วนภูมิภาคสาขานครสวรรค์","กปภ.สาขานครสวรรค์","นครสวรรค์","การประปาส่วนภูมิภาคสาขานครสวรรค์","กปภ.สาขานครสวรรค์","นครสวรรค์",,"กรกฎาคม","2569","1","1"
"41737","13490991","31","23047661","9813 020013502604","615","3.2.2","โรงกรองน้ำ ราชประชา","2","โรงกรอง","0.1623","0","381.61","359.75","381.61","188598","61653.6","60381.57","66562.83","1182","188598","50727.42","588477.62","312.24","30609.46","672.84","0","670799.58","46955.97","717755.55","0","0","0","0","../WebScript/Upload/Electric/13490991_380495_11082026132734.jpg","","0","0","0","49392","41737","13490991","1169","614","2490232000","2","614","2490232000","5541030","0","75","363","202607","256907","2569","10","31","20260731","พลังงานไฟฟ้าตามใบแจ้งหนี้","การประปาส่วนภูมิภาคสาขาปากช่อง","กปภ.สาขาปากช่อง","ปากช่อง","การประปาส่วนภูมิภาคสาขาปากช่อง","กปภ.สาขาปากช่อง","ปากช่อง",,"กรกฎาคม","2569","1","1"
"41608","13490862","2454","C11102","9011020021198946","90","3.2.2","สถานีจ่ายน้ำหนองกระโดน","7","สถานีจ่ายน้ำ","0.1623","0","43.18","41.87","43.44","11923.3","5045.62","2934.43","3943.25","102","11923.3","5739.92","39017.75","312.24","1935.15","168.21","0","47173.28","3302.13","50475.41","0","0","0","0","../WebScript/Upload/Electric/13490862_381233_31072026095749.jpg","","0","0","0","44815","41608","13490862","1032","90","2191011000","10","90","2191011000","5512011","0","75","363","202607","256907","2569","10","31","20260731","พลังงานไฟฟ้าตามใบแจ้งหนี้","การประปาส่วนภูมิภาคสาขานครสวรรค์","กปภ.สาขานครสวรรค์","นครสวรรค์","การประปาส่วนภูมิภาคสาขานครสวรรค์","กปภ.สาขานครสวรรค์","นครสวรรค์",,"กรกฎาคม","2569","1","1"
"41691","13490945","1475","H04101","9805020002299532","448","3.2.2","สถานีผลิตน้ำปลายคลอง 1","2","โรงกรอง","0.1623","0","226.29","233.47","204.74","105183","37319.91","30531.21","37331.88","237","105183","30080.73","332837.91","312.24","17071.2","1682.1","0","381984.18","26738.89","408723.07","0","0","0","0","../WebScript/Upload/Electric/13490945_384221_07082026141016.jpg","","0","0","0","47867","41691","13490945","1117","447","2390126000","1","447","2390126000","5531026","0","75","363","202607","256907","2569","10","31","20260731","พลังงานไฟฟ้าตามใบแจ้งหนี้","การประปาส่วนภูมิภาคสาขาตราด","กปภ.สาขาตราด","ตราด","การประปาส่วนภูมิภาคสาขาตราด","กปภ.สาขาตราด","ตราด",,"กรกฎาคม","2569","1","1"
"41679","13490933","2126","H07101","9831 020019803910","418","3.2.2","สถานีจ่ายน้ำเพิ่มแรงดัน 1 (บ้านห้วยกรุ)","8","สถานีปรับแรงดัน","0.1623","0","29.37","31","28.88","17983.05","6697.57","5437.31","5848.17","53","17983.05","3904.15","57405.96","312.24","2918.65","0","0","64541","4517.87","69058.87","0","0","0","0","../WebScript/Upload/Electric/13490933_384612_13082026151144.jpg","","0","0","0","47580","41679","13490933","1105","418","2390114000","1","418","2390114000","5531015","0","75","363","202607","256907","2569","10","31","20260731","พลังงานไฟฟ้าตามใบแจ้งหนี้","การประปาส่วนภูมิภาคสาขาศรีราชา","กปภ.สาขาศรีราชา","ศรีราชา","การประปาส่วนภูมิภาคสาขาศรีราชา","กปภ.สาขาศรีราชา","ศรีราชา",,"กรกฎาคม","2569","1","1"
"41763","13491015","444","I03201","9098020002758990","697","4.2.2","สถานีผลิตน้ำท่าม่วง อำเภอท่าม่วง จังกาญจนบุรี","10","แรงต่ำ-แรงสูง","0.1623","0","517.64","477.82","477.82","145695","39718.71","58632.38","47343.91","665","145695","68809.89","442109.58","312.24","23646.3","0","0","534878.01","37441.46","572319.47","0","0","0","0","../WebScript/Upload/Electric/13491015_383939_10082026092000.jpg","","0","0","0","50141","41763","13491015","1196","696","2490328000","3","696","2490328000","5542027","0","75","363","202607","256907","2569","10","31","20260731","พลังงานไฟฟ้าตามใบแจ้งหนี้","การประปาส่วนภูมิภาคสาขาท่ามะกา","กปภ.สาขาท่ามะกา","ท่ามะกา","การประปาส่วนภูมิภาคสาขาท่ามะกา","กปภ.สาขาท่ามะกา","ท่ามะกา",,"กรกฎาคม","2569","1","1"
"41636","13490890","968","D07101","020019669814","215","2.1.1","การประปาส่วนภูมิภาคสาขาชุมแพ","1","สำนักงาน","0.1623","0","18","18","7.13","3589.5","2392.53","645.72","551.25","210","3589.5","14029.92","0","312.24","582.58","0","0","14924.74","1044.73","15969.47","0","0","0","0","../WebScript/Upload/Electric/13490890_380763_24072026102023.jpg","","0","0","0","45902","41636","13490890","1062","215","2290613000","6","215","2290613000","5521013","0","75","363","202607","256907","2569","10","31","20260731","พลังงานไฟฟ้าตามใบแจ้งหนี้","การประปาส่วนภูมิภาคสาขาชุมแพ","กปภ.สาขาชุมแพ","ชุมแพ","การประปาส่วนภูมิภาคสาขาชุมแพ","กปภ.สาขาชุมแพ","ชุมแพ",,"กรกฎาคม","2569","1","1"
"41763","13491015","445","I15101","9807020003517752","697","3.2.2","สถานีสูบน้ำลูกแก ตำบลท่าไม้ อำท่ามะกา จังหวัดกาญจนบุรี","7","สถานีจ่ายน้ำ","0.1623","0","32.33","31.95","33.48","12641.01","5108.9","3427.49","4104.62","651","12641.01","4297.63","40986.45","312.24","2051.64","560.7","0","48208.66","3374.61","51583.27","0","0","0","0","../WebScript/Upload/Electric/13491015_383940_10082026092028.jpg","","0","0","0","50141","41763","13491015","1196","696","2490328000","3","696","2490328000","5542027","0","75","363","202607","256907","2569","10","31","20260731","พลังงานไฟฟ้าตามใบแจ้งหนี้","การประปาส่วนภูมิภาคสาขาท่ามะกา","กปภ.สาขาท่ามะกา","ท่ามะกา","การประปาส่วนภูมิภาคสาขาท่ามะกา","กปภ.สาขาท่ามะกา","ท่ามะกา",,"กรกฎาคม","2569","1","1"
"41614","13490868","1258","B04501","9065020009457576","123","3.2.2","หน่วยบริการลานกระบือ","6","บ่อบาดาล","0.1623","0","86.57","78.76","86.25","21096.88","7810.65","6467.37","6818.86","62","21096.88","11507.75","67272.34","312.24","3424.02","280.35","0","82796.7","5795.77","88592.47","0","0","0","0","../WebScript/Upload/Electric/13490868_382500_03082026174701.jpg","","0","0","0","45065","41614","13490868","1038","119","2191017000","10","119","2191017000","5512017","0","75","363","202607","256907","2569","10","31","20260731","พลังงานไฟฟ้าตามใบแจ้งหนี้","การประปาส่วนภูมิภาคสาขากำแพงเพชร","กปภ.สาขากำแพงเพชร","กำแพงเพชร","การประปาส่วนภูมิภาคสาขากำแพงเพชร","กปภ.สาขากำแพงเพชร","กำแพงเพชร",,"กรกฎาคม","2569","1","1"
"41589","13490843","2359","A02101","9821020004613558","29","3.2.2","โรงกรองน้ำแรงสูงริมปิง (ใหม่)","3","แรงสูง","0.1623","0","182.84","222.76","220.36","66763","20119.92","23169.84","23473.24","133","66763","24304.92","205624.32","312.24","10835.63","0","0","241077.11","16875.4","257952.51","0","0","0","0","../WebScript/Upload/Electric/13490843_383876_10082026100430.jpg","กว  P 183.20 OP  223.20 H  220.80
หักมิเตอร์ย่อย 133.00 หน่วย","0","0","0","44208","41589","13490843","1012","28","2190919000","9","28","2190919000","5511020","0","75","363","202607","256907","2569","10","31","20260731","พลังงานไฟฟ้าตามใบแจ้งหนี้","การประปาส่วนภูมิภาคสาขาลำพูน","กปภ.สาขาลำพูน","ลำพูน","การประปาส่วนภูมิภาคสาขาลำพูน","กปภ.สาขาลำพูน","ลำพูน",,"กรกฎาคม","2569","1","1"
"41624","13490878","285","B01501","9802020010515957","163","3.2.2","หน่วยบริการบางระกำ","6","บ่อบาดาล","0.1623","0","0.24","0.22","0.26","35.8","10.26","13.5","12.04","206","35.8","0","139.92","312.24","5.81","0","0","457.97","32.06","490.03","0","0","0","0","../WebScript/Upload/Electric/13490878_383901_06082026165011.jpg","","0","0","0","45449","41624","13490878","1048","161","2191027000","10","161","2191027000","5512027","0","75","363","202607","256907","2569","10","31","20260731","พลังงานไฟฟ้าตามใบแจ้งหนี้","การประปาส่วนภูมิภาคสาขาพิษณุโลก","กปภ.สาขาพิษณุโลก","พิษณุโลก","การประปาส่วนภูมิภาคสาขาพิษณุโลก","กปภ.สาขาพิษณุโลก","พิษณุโลก",,"กรกฎาคม","2569","1","1"
"41591","13490845","564","A03107","9803020005307380","36","3.2.2","แรงสูงแม่เมาะ","3","แรงสูง","0.1623","0","102.13","86.6","94.16","37803.35","13162.66","12377.99","12262.7","158","37803.35","13576.14","119228.19","312.24","6135.48","560.7","0","139812.75","9786.89","149599.64","0","0","0","0","../WebScript/Upload/Electric/13490845_382206_05082026161218.jpg","","0","0","0","44268","41591","13490845","1014","34","2190921000","9","34","2190921000","5511022","0","75","363","202607","256907","2569","10","31","20260731","พลังงานไฟฟ้าตามใบแจ้งหนี้","การประปาส่วนภูมิภาคสาขาลำปาง","กปภ.สาขาลำปาง","ลำปาง","การประปาส่วนภูมิภาคสาขาลำปาง","กปภ.สาขาลำปาง","ลำปาง",,"กรกฎาคม","2569","1","1"
"41772","13491024","225","K08101","8314278","728","3.2.2","โรงกรองน้ำพรุหน้าเมือง","10","แรงต่ำ-แรงสูง","0.1623","0","152.88","151.69","135.56","83242","29274.14","24992.31","28975.55","392","83242","20322.34","262996.2","312.24","13510.18","1569.96","0","298710.92","20909.76","319620.68","0","0","0","0","../WebScript/Upload/Electric/13491024_384385_07082026104244.jpg","","79079.9","0","0","50436","41772","13491024","1206","727","2590413000","4","727","2590413000","5551013","0","75","363","202607","256907","2569","10","31","20260731","พลังงานไฟฟ้าตามใบแจ้งหนี้","การประปาส่วนภูมิภาคสาขาเกาะสมุย","กปภ.สาขาเกาะสมุย","เกาะสมุย","การประปาส่วนภูมิภาคสาขาเกาะสมุย","กปภ.สาขาเกาะสมุย","เกาะสมุย",,"กรกฎาคม","2569","1","1"
"41622","13490876","1037","B11301","9023020010623578","154","3.2.2","หน่วยบริการท่าชัย","11","สำนักงาน-แรงสูง-บ้านพัก","0.1623","0","64.92","65.24","65.88","17218.07","6868.27","4627.32","5722.48","268","17218.07","8629.82","55683.91","312.24","2794.49","168.21","0","67588.67","4731.21","72319.88","0","0","0","0","../WebScript/Upload/Electric/13490876_382078_03082026092417.jpg","","0","0","0","45382","41622","13490876","1046","154","2191025000","10","154","2191025000","5512025","0","75","363","202607","256907","2569","10","31","20260731","พลังงานไฟฟ้าตามใบแจ้งหนี้","การประปาส่วนภูมิภาคสาขาศรีสัชนาลัย","กปภ.สาขาศรีสัชนาลัย","ศรีสัชนาลัย","การประปาส่วนภูมิภาคสาขาศรีสัชนาลัย","กปภ.สาขาศรีสัชนาลัย","ศรีสัชนาลัย",,"กรกฎาคม","2569","1","1"
"41754","13491007","372","I02101","9810020002667225","669","2.1.1","สถานีจ่ายน้ำดาบฟ้าฟื้น","7","สถานีจ่ายน้ำ","0.1623","0","5.06","5.06","3.38","1342","459.99","514.86","367.15","1202","1342","5245.35","0","312.24","217.81","0","0","5775.4","404.28","6179.68","0","0","0","0","../WebScript/Upload/Electric/13491007_384517_07082026135824.jpg","","0","0","0","49903","41754","13491007","1187","668","2490319000","3","668","2490319000","5542019","0","75","363","202607","256907","2569","10","31","20260731","พลังงานไฟฟ้าตามใบแจ้งหนี้","การประปาส่วนภูมิภาคสาขาสุพรรณบุรี","กปภ.สาขาสุพรรณบุรี","สุพรรณบุรี","การประปาส่วนภูมิภาคสาขาสุพรรณบุรี","กปภ.สาขาสุพรรณบุรี","สุพรรณบุรี",,"กรกฎาคม","2569","1","1"
"41603","13490857","214","A10112","9806020005183792","75","2.2.1","โรงกรองหน่วยบริการพญาเม็งราย","2","โรงกรอง","0.1623","0","22.76","24.13","23.47","3945.89","969.49","1696.84","1279.56","108","3945.89","12707.14","0","312.24","640.42","0","0","13659.8","956.19","14615.99","0","0","0","0","../WebScript/Upload/Electric/13490857_382217_03082026161150.jpg","","0","0","0","44656","41603","13490857","1026","73","2190933000","9","73","2190933000","5511034","0","75","363","202607","256907","2569","10","31","20260731","พลังงานไฟฟ้าตามใบแจ้งหนี้","การประปาส่วนภูมิภาคสาขาเทิง","กปภ.สาขาเทิง","เทิง","การประปาส่วนภูมิภาคสาขาเทิง","กปภ.สาขาเทิง","เทิง",,"กรกฎาคม","2569","1","1"
"41735","13490989","43","27676548","9801 020001226023","608","3.2.2","แรงต่ำ ทองหลาง","4","แรงต่ำ","0.1623","0","60.48","60.15","60.8","43766.7","15945.53","13633","14188.17","170","43766.7","8039.61","139152.48","312.24","7103.34","0","0","154607.67","10822.54","165430.21","0","0","0","0","../WebScript/Upload/Electric/13490989_379812_03082026161929.jpg","","0","0","0","49325","41735","13490989","1167","607","2490230000","2","607","2490230000","5541028","0","75","363","202607","256907","2569","10","31","20260731","พลังงานไฟฟ้าตามใบแจ้งหนี้","การประปาส่วนภูมิภาคสาขาบ้านนา","กปภ.สาขาบ้านนา","บ้านนา","การประปาส่วนภูมิภาคสาขาบ้านนา","กปภ.สาขาบ้านนา","บ้านนา",,"กรกฎาคม","2569","1","1"
"41711","13490965","1246","F04101","9821 020014038214","519","3.1.2","สำนักงาน กปภ.สุรินทร์","1","สำนักงาน","0.1623","0","30.84","26.96","8.54","4555.45","3540.11","579.43","435.91","236","4555.45","6052.66","14336.46","312.24","739.35","0","0","21440.71","1500.85","22941.56","0","0","0","0","../WebScript/Upload/Electric/13490965_382390_04082026120728.jpg","","0","0","0","48541","41711","13490965","1141","518","2390827000","8","518","2390827000","5532024","0","75","363","202607","256907","2569","10","31","20260731","พลังงานไฟฟ้าตามใบแจ้งหนี้","การประปาส่วนภูมิภาคสาขาสุรินทร์","กปภ.สาขาสุรินทร์","สุรินทร์","การประปาส่วนภูมิภาคสาขาสุรินทร์","กปภ.สาขาสุรินทร์","สุรินทร์",,"กรกฎาคม","2569","1","0"
"41711","13490965","928","F04101","9843 020014086328","519","3.2.2","โรงสูบน้ำแรงสูงแม่ข่าย(บริเวณหน้าอาคารแรงสูง)","3","แรงสูง","0.1623","0","279.64","300.03","326.25","105738.99","34925.91","33032.51","37780.57","3161","105738.99","37172.55","330502.56","312.24","17161.44","0","0","385148.79","26960.42","412109.21","0","0","0","0","../WebScript/Upload/Electric/13490965_382389_13082026093421.jpg","","0","0","0","48541","41711","13490965","1141","518","2390827000","8","518","2390827000","5532024","0","75","363","202607","256907","2569","10","31","20260731","พลังงานไฟฟ้าตามใบแจ้งหนี้","การประปาส่วนภูมิภาคสาขาสุรินทร์","กปภ.สาขาสุรินทร์","สุรินทร์","การประปาส่วนภูมิภาคสาขาสุรินทร์","กปภ.สาขาสุรินทร์","สุรินทร์",,"กรกฎาคม","2569","1","0"
"41763","13491015","446","I15101","9052020003516370","697","2.1.2","สำนักงานประปาท่ามะกา 1/58 ม.2 ต.ท่ามะกา อ.ท่ามะกา จ.กาญจนบุรี","1","สำนักงาน","0.1623","0","0","0","0","2978","0","0","0","269","2978","12941.85","0","33.29","483.33","0","0","13458.47","942.09","14400.56","0","0","0","0","../WebScript/Upload/Electric/13491015_383941_10082026092053.jpg","","0","0","0","50141","41763","13491015","1196","696","2490328000","3","696","2490328000","5542027","0","75","363","202607","256907","2569","10","31","20260731","พลังงานไฟฟ้าตามใบแจ้งหนี้","การประปาส่วนภูมิภาคสาขาท่ามะกา","กปภ.สาขาท่ามะกา","ท่ามะกา","การประปาส่วนภูมิภาคสาขาท่ามะกา","กปภ.สาขาท่ามะกา","ท่ามะกา",,"กรกฎาคม","2569","1","1"
"41618","13490872","1048","B02101","9801  020009688291","140","3.1.2","แรงสูงหน่วยบริการเมืองเก่า","7","สถานีจ่ายน้ำ","0.1623","0","65.52","66.81","66.49","33037.31","12172.75","9947.34","10917.22","373","33037.31","13112.13","103971.72","312.24","5361.96","0","0","122758.05","8593.06","131351.11","0","0","0","0","../WebScript/Upload/Electric/13490872_381972_07082026171410.jpg","","0","0","0","45248","41618","13490872","1042","140","2191021000","10","140","2191021000","5512021","0","75","363","202607","256907","2569","10","31","20260731","พลังงานไฟฟ้าตามใบแจ้งหนี้","การประปาส่วนภูมิภาคสาขาสุโขทัย","กปภ.สาขาสุโขทัย","สุโขทัย","การประปาส่วนภูมิภาคสาขาสุโขทัย","กปภ.สาขาสุโขทัย","สุโขทัย",,"กรกฎาคม","2569","1","1"
"41618","13490872","1039","B02104","9033 020010626968","140","3.1.2","แรงสูงหน่วยบริการบ้านด่านลานหอย","3","แรงสูง","0.1623","0","18.62","0","0","6848.4","6848.4","0","0","57","6848.4","3654.36","21552.6","312.24","1111.5","0","0","26630.7","1864.15","28494.85","0","0","0","0","../WebScript/Upload/Electric/13490872_381966_07082026171136.jpg","","0","0","0","45248","41618","13490872","1042","140","2191021000","10","140","2191021000","5512021","0","75","363","202607","256907","2569","10","31","20260731","พลังงานไฟฟ้าตามใบแจ้งหนี้","การประปาส่วนภูมิภาคสาขาสุโขทัย","กปภ.สาขาสุโขทัย","สุโขทัย","การประปาส่วนภูมิภาคสาขาสุโขทัย","กปภ.สาขาสุโขทัย","สุโขทัย",,"กรกฎาคม","2569","1","1"
"41618","13490872","1046","B02101","9801 020009688213","140","2.1.1","สำนักงานแม่ข่ายสุโขทัย","3","แรงสูง","0.1623","0","3.51","3.36","1.43","909","553.68","197.57","157.75","5591","909","3552.92","0","312.24","147.53","0","0","4012.69","280.89","4293.58","0","0","0","0","../WebScript/Upload/Electric/13490872_381971_07082026171345.jpg","","0","0","0","45248","41618","13490872","1042","140","2191021000","10","140","2191021000","5512021","0","75","363","202607","256907","2569","10","31","20260731","พลังงานไฟฟ้าตามใบแจ้งหนี้","การประปาส่วนภูมิภาคสาขาสุโขทัย","กปภ.สาขาสุโขทัย","สุโขทัย","การประปาส่วนภูมิภาคสาขาสุโขทัย","กปภ.สาขาสุโขทัย","สุโขทัย",,"กรกฎาคม","2569","1","1"
"41618","13490872","1045","B02101","9802 020009713545","140","3.2.2","แรงสูงสถานีผลิตน้ำปากแคว","2","โรงกรอง","0.1623","0","212.02","196.53","204.87","275987.15","26108.86","25013.05","28086.08","592","275987.15","28183.82","247491.09","312.24","12855.46","0","0","288842.61","20218.98","309061.59","0","0","0","0","../WebScript/Upload/Electric/13490872_381970_07082026171316.jpg","","0","0","0","45248","41618","13490872","1042","140","2191021000","10","140","2191021000","5512021","0","75","363","202607","256907","2569","10","31","20260731","พลังงานไฟฟ้าตามใบแจ้งหนี้","การประปาส่วนภูมิภาคสาขาสุโขทัย","กปภ.สาขาสุโขทัย","สุโขทัย","การประปาส่วนภูมิภาคสาขาสุโขทัย","กปภ.สาขาสุโขทัย","สุโขทัย",,"กรกฎาคม","2569","1","1"
"41652","13490906","1305","E06101","9804020012686675","289","3.2.2","โรงกรองน้ำสำนักงานเก่า ","8","สถานีปรับแรงดัน","0.1623","0","103.67","101.37","78.33","44618","20412.16","10421.11","13784.73","1862","44618","13780.85","148427.19","312.24","7241.5","0","0","169761.78","11883.32","181645.1","0","0","0","0","../WebScript/Upload/Electric/13490906_383627_04082026104212.jpg","","0","0","0","46547","41652","13490906","1133","288","2290629000","6","288","2290629000","5521030","0","75","363","202607","256907","2569","10","31","20260731","พลังงานไฟฟ้าตามใบแจ้งหนี้","การประปาส่วนภูมิภาคสาขาร้อยเอ็ด","กปภ.สาขาร้อยเอ็ด","ร้อยเอ็ด","การประปาส่วนภูมิภาคสาขาร้อยเอ็ด","กปภ.สาขาร้อยเอ็ด","ร้อยเอ็ด",,"กรกฎาคม","2569","1","1"
"41645","13490899","1331","E04101","9819020012071918","254","3.2.2","โรงสูบน้ำแรงต่ำบ้านดินดำ","4","แรงต่ำ","0.1623","0","10.12","10.17","10.17","5574.01","1963.8","1675.87","1934.34","395546","5574.01","1345.25","17616.22","312.24","904.66","56.07","0","25566.72","1789.67","27356.39","0","0","0","0","../WebScript/Upload/Electric/13490899_382578_11082026163018.png","คิดขั้นต่ำ 09/2568","0","0","0","46256","41645","13490899","1071","254","2290622000","6","254","2290622000","5521022","0","75","363","202607","256907","2569","10","31","20260731","พลังงานไฟฟ้าตามใบแจ้งหนี้","การประปาส่วนภูมิภาคสาขามหาสารคาม","กปภ.สาขามหาสารคาม","มหาสารคาม","การประปาส่วนภูมิภาคสาขามหาสารคาม","กปภ.สาขามหาสารคาม","มหาสารคาม",,"กรกฎาคม","2569","1","1"
"41753","13491006","644","I05101","9877020003334972","666","3.1.2","การประปาส่วนภูมิภาคสาขาสามพราน","1","สำนักงาน","0.1623","0","38.08","35.13","12.33","6461.6","4410.09","1261.08","790.43","1403","6461.6","7473.58","20335.3","312.24","1048.72","0","0","29169.84","2041.89","31211.73","0","0","0","0","../WebScript/Upload/Electric/13491006_383851_05082026091330.jpg","","0","0","0","49882","41753","13491006","1186","665","2490318000","3","665","2490318000","5542018","0","75","363","202607","256907","2569","10","31","20260731","พลังงานไฟฟ้าตามใบแจ้งหนี้","การประปาส่วนภูมิภาคสาขาสามพราน","กปภ.สาขาสามพราน","สามพราน","การประปาส่วนภูมิภาคสาขาสามพราน","กปภ.สาขาสามพราน","สามพราน",,"กรกฎาคม","2569","1","1"
"41594","13490848","618","B07101","020010357984","46","3.2.2","สถานีผลิตน้ำ","2","โรงกรอง","0.1623","0","155.48","153.23","157.74","46656","16269.32","14635.63","15751.05","3036","46656","20667.96","147187.01","312.24","7572.27","336.42","0","176075.9","12325.31","188401.21","0","0","0","0","../WebScript/Upload/Electric/13490848_382311_06082026150008.jpg","","0","0","0","44379","41594","13490848","1017","45","2190924000","9","45","2190924000","5511025","0","75","363","202607","256907","2569","10","31","20260731","พลังงานไฟฟ้าตามใบแจ้งหนี้","การประปาส่วนภูมิภาคสาขาแพร่","กปภ.สาขาแพร่","แพร่","การประปาส่วนภูมิภาคสาขาแพร่","กปภ.สาขาแพร่","แพร่",,"กรกฎาคม","2569","1","0"
"41645","13490899","2884","E04101","9098020022215080","255","3.2.2","สถานีผลิตน้ำศูนย์ราชการ","3","แรงสูง","0.1623","0","403.51","425.49","421.49","200359","79324.59","51518.03","69516.38","241","200359","53638.58","647023.44","312.24","32518.27","32518.27","0","733492.53","51344.48","784837.01","0","0","0","0","../WebScript/Upload/Electric/13490899_382587_11082026163418.png","","0","0","0","46256","41645","13490899","1071","254","2290622000","6","254","2290622000","5521022","0","75","363","202607","256907","2569","10","31","20260731","พลังงานไฟฟ้าตามใบแจ้งหนี้","การประปาส่วนภูมิภาคสาขามหาสารคาม","กปภ.สาขามหาสารคาม","มหาสารคาม","การประปาส่วนภูมิภาคสาขามหาสารคาม","กปภ.สาขามหาสารคาม","มหาสารคาม",,"กรกฎาคม","2569","1","1"
"41709","13490963","718","F05101","9801 020013224506","511","3.2.2","โรงกรองน้ำสำนักงานประปานางรอง","11","สำนักงาน-แรงสูง-บ้านพัก","0.1623","0","40.21","39.95","36.75","15377.49","6791.29","4090.9","4495.3","4869","15377.49","5345.12","50769.97","312.24","2495.77","0","0","58923.1","4124.62","63047.72","0","0","0","0","../WebScript/Upload/Electric/13490963_382052_07082026153345.jpg","","0","0","0","48467","41709","13490963","1139","510","2390825000","8","510","2390825000","5532022","0","75","363","202607","256907","2569","10","31","20260731","พลังงานไฟฟ้าตามใบแจ้งหนี้","การประปาส่วนภูมิภาคสาขานางรอง","กปภ.สาขานางรอง","นางรอง","การประปาส่วนภูมิภาคสาขานางรอง","กปภ.สาขานางรอง","นางรอง",,"กรกฎาคม","2569","1","0"
"41685","13490939","366","0815101","9807 020001771406","435","3.2.2","โรงกรองน้ำเกาะขนุน","2","โรงกรอง","0.1623","0","515.98","452.23","535.9","161566.3","49446.06","50820.67","61299.57","633.7","161566.3","68589.22","498804.84","312.24","26222.21","0","0","593928.51","41575","635503.51","0","0","0","0","../WebScript/Upload/Electric/13490939_380547_13082026091528.jpg","กว. P518.00, OP454.00, H538.00 หักมิเตอร์ย่อย 633.70 หน่วย","0","0","0","47734","41685","13490939","1111","434","2390120000","1","434","2390120000","5531020","0","75","363","202607","256907","2569","10","31","20260731","พลังงานไฟฟ้าตามใบแจ้งหนี้","การประปาส่วนภูมิภาคสาขาพนมสารคาม","กปภ.สาขาพนมสารคาม","พนมสารคาม","การประปาส่วนภูมิภาคสาขาพนมสารคาม","กปภ.สาขาพนมสารคาม","พนมสารคาม",,"กรกฎาคม","2569","1","1"
"41654","13490908","1184","E06201","9097020011850738","296","3.1.2","โรงกรองน้ำสุวรรณภูมิ","3","แรงสูง","0.1623","0","58.46","56.28","50.21","18450.71","8200.87","4859.73","5390.11","700","18450.71","7771.09","60999.1","312.24","2994.55","0","0","72076.98","5045.39","77122.37","0","0","0","0","../WebScript/Upload/Electric/13490908_384275_06082026160948.jpg","กว. P60.68, OP58.42, H52.11
หักมิเตอร์ย่อย 700.00 หน่วย","0","0","0","46612","41654","13490908","1135","295","2290631000","6","295","2290631000","5521032","0","75","363","202607","256907","2569","10","31","20260731","พลังงานไฟฟ้าตามใบแจ้งหนี้","การประปาส่วนภูมิภาคสาขาสุวรรณภูมิ","กปภ.สาขาสุวรรณภูมิ","สุวรรณภูมิ","การประปาส่วนภูมิภาคสาขาสุวรรณภูมิ","กปภ.สาขาสุวรรณภูมิ","สุวรรณภูมิ",,"กรกฎาคม","2569","1","1"
"41685","13490939","2272","H15101","9806 020020370163","435","3.2.2","สถานีผลิตน้ำเขาหินซ้อน","2","โรงกรอง","0.1623","0","44.68","46.56","46.35","20770.06","8272.12","6183.3","6314.64","118","20770.06","5939.31","67150.63","312.24","3370.98","336.42","0","77109.58","5397.67","82507.25","0","0","0","0","../WebScript/Upload/Electric/13490939_380550_13082026095454.jpg","กว. P44.93, OP46.82, H46.61 หักมิเตอร์ย่อย 118.00 หน่วย","0","0","0","47734","41685","13490939","1111","434","2390120000","1","434","2390120000","5531020","0","75","363","202607","256907","2569","10","31","20260731","พลังงานไฟฟ้าตามใบแจ้งหนี้","การประปาส่วนภูมิภาคสาขาพนมสารคาม","กปภ.สาขาพนมสารคาม","พนมสารคาม","การประปาส่วนภูมิภาคสาขาพนมสารคาม","กปภ.สาขาพนมสารคาม","พนมสารคาม",,"กรกฎาคม","2569","1","1"
"41685","13490939","1897","0815101","9803020002630147","435","2.1.1","การประปาส่วนภูมิภาคสาขาพนมสารคาม","1","สำนักงาน","0.1623","0","21.2","19.98","8.52","4569.09","3041.92","1043.05","484.12","836","4569.09","17858.75","0","312.24","741.56","0","0","18912.55","1323.88","20236.43","0","0","0","0","../WebScript/Upload/Electric/13490939_380548_13082026094026.jpg","กว. P25.08, OP23.64, H10.08 หักมิเตอร์ย่อย 836.00 หน่วย","0","0","0","47734","41685","13490939","1111","434","2390120000","1","434","2390120000","5531020","0","75","363","202607","256907","2569","10","31","20260731","พลังงานไฟฟ้าตามใบแจ้งหนี้","การประปาส่วนภูมิภาคสาขาพนมสารคาม","กปภ.สาขาพนมสารคาม","พนมสารคาม","การประปาส่วนภูมิภาคสาขาพนมสารคาม","กปภ.สาขาพนมสารคาม","พนมสารคาม",,"กรกฎาคม","2569","1","1"
"41591","13490845","3207","A03107","9100020024301432","34","2.2.1","แรงสูงบ้านดง","3","แรงสูง","0.1623","0","5.1","7.21","6.92","1159.25","360.67","409.49","389.09","139","1159.25","3923.55","0","312.24","188.15","0","0","4423.94","309.68","4733.62","0","0","0","0","../WebScript/Upload/Electric/13490845_382171_06082026085554.jpg","","0","0","0","44268","41591","13490845","1014","34","2190921000","9","34","2190921000","5511022","0","75","363","202607","256907","2569","10","31","20260731","พลังงานไฟฟ้าตามใบแจ้งหนี้","การประปาส่วนภูมิภาคสาขาลำปาง","กปภ.สาขาลำปาง","ลำปาง","การประปาส่วนภูมิภาคสาขาลำปาง","กปภ.สาขาลำปาง","ลำปาง",,"กรกฎาคม","2569","1","1"
"41609","13490863","1244","C02203","9042020006279649","98","3.1.2","โรงกรองน้ำไพศาลี","3","แรงสูง","0.1623","0","22.35","22.53","21.85","8905.91","4116.7","1918.87","2870.34","1010","8905.91","4421.74","28027.79","312.24","1445.43","0","0","34207.2","2394.5","36601.7","0","0","0","0","../WebScript/Upload/Electric/13490863_381801_27072026141201.jpg","","0","0","0","44866","41609","13490863","1033","96","2191012000","10","96","2191012000","5512012","0","75","363","202607","256907","2569","10","31","20260731","พลังงานไฟฟ้าตามใบแจ้งหนี้","การประปาส่วนภูมิภาคสาขาท่าตะโก","กปภ.สาขาท่าตะโก","ท่าตะโก","การประปาส่วนภูมิภาคสาขาท่าตะโก","กปภ.สาขาท่าตะโก","ท่าตะโก",,"กรกฎาคม","2569","1","1"
"41679","13490933","1397","H07101","9043 020017702371","419","3.2.2","โรงกรองน้ำศรีราชา","2","โรงกรอง","0.1623","0","182.16","156.03","174.24","62292","16727.36","22691.24","22873.4","628","62292","24214.53","188622.25","312.24","10109.99","0","0","223259.01","15628.13","238887.14","0","0","0","0","../WebScript/Upload/Electric/13490933_384621_13082026150131.jpg","","0","0","0","47580","41679","13490933","1105","418","2390114000","1","418","2390114000","5531015","0","75","363","202607","256907","2569","10","31","20260731","พลังงานไฟฟ้าตามใบแจ้งหนี้","การประปาส่วนภูมิภาคสาขาศรีราชา","กปภ.สาขาศรีราชา","ศรีราชา","การประปาส่วนภูมิภาคสาขาศรีราชา","กปภ.สาขาศรีราชา","ศรีราชา",,"กรกฎาคม","2569","1","1"
"41636","13490890","966","D07101","020014922039","216","3.2.2","สถานีผลิตน้ำชุมแพ","3","แรงสูง","0.1623","0","199.84","191.91","195.88","86994.01","31006.98","24956.26","31030.77","766","86994.01","26564.73","275503.5","312.24","14119.13","1401.75","0","317901.35","22253.09","340154.44","0","0","0","0","../WebScript/Upload/Electric/13490890_380765_05082026180720.jpg","","0","0","0","45902","41636","13490890","1062","215","2290613000","6","215","2290613000","5521013","0","75","363","202607","256907","2569","10","31","20260731","พลังงานไฟฟ้าตามใบแจ้งหนี้","การประปาส่วนภูมิภาคสาขาชุมแพ","กปภ.สาขาชุมแพ","ชุมแพ","การประปาส่วนภูมิภาคสาขาชุมแพ","กปภ.สาขาชุมแพ","ชุมแพ",,"กรกฎาคม","2569","1","1"
"41636","13490890","967","D07101","020014922159","216","3.2.2","สถานีสูบน้ำชุมแพ","4","แรงต่ำ","0.1623","0","232.33","237.53","238.33","159881.99","53943.13","49164.62","56774.24","50","159881.99","30883.63","501525.7","312.24","25948.85","336.42","0","559006.84","39130.48","598137.32","0","0","0","0","../WebScript/Upload/Electric/13490890_380766_13082026103744.jpg","","0","0","0","45902","41636","13490890","1062","215","2290613000","6","215","2290613000","5521013","0","75","363","202607","256907","2569","10","31","20260731","พลังงานไฟฟ้าตามใบแจ้งหนี้","การประปาส่วนภูมิภาคสาขาชุมแพ","กปภ.สาขาชุมแพ","ชุมแพ","การประปาส่วนภูมิภาคสาขาชุมแพ","กปภ.สาขาชุมแพ","ชุมแพ",,"กรกฎาคม","2569","1","1"
"41679","13490933","2487","23055234","9806 020021867446","419","4.2.2","สถานีผลิตน้ำบางพระ 2","2","โรงกรอง","0.1623","0","434.7","426.36","434.7","238167","76399.71","78614.88","83152.41","1809","238167","57784.67","740842.23","312.24","38654.5","0","0","837593.64","58631.55","896225.19","0","0","0","0","../WebScript/Upload/Electric/13490933_384623_13082026152106.jpg","","0","0","0","47580","41679","13490933","1105","418","2390114000","1","418","2390114000","5531015","0","75","363","202607","256907","2569","10","31","20260731","พลังงานไฟฟ้าตามใบแจ้งหนี้","การประปาส่วนภูมิภาคสาขาศรีราชา","กปภ.สาขาศรีราชา","ศรีราชา","การประปาส่วนภูมิภาคสาขาศรีราชา","กปภ.สาขาศรีราชา","ศรีราชา",,"กรกฎาคม","2569","1","1"
"41691","13490945","2622","H04301","HKSM9079-020022002338","1129","3.2.2","สถานีผลิตน้ำเขาสมิง","7","สถานีจ่ายน้ำ","0.1623","0","282.32","239.93","268.72","144431","51761.31","41180.31","51489.38","41","144431","37528.8","457848.21","312.24","23441.15","2130.66","0","521261.06","36488.27","557749.33","0","0","0","0","../WebScript/Upload/Electric/13490945_384233_07082026133703.jpg","","0","0","0","47867","41691","13490945","1117","447","2390126000","1","447","2390126000","5531026","0","75","363","202607","256907","2569","10","31","20260731","พลังงานไฟฟ้าตามใบแจ้งหนี้","การประปาส่วนภูมิภาคสาขาตราด","กปภ.สาขาตราด","ตราด","การประปาส่วนภูมิภาคสาขาตราด","กปภ.สาขาตราด","ตราด",,"กรกฎาคม","2569","1","1"
"41728","13490982","1733","27668006","GAYY9816-020017727858","589","4.2.2","สถานีผลิตน้ำประปาพระนครศรีอยุธยา 2","3","แรงสูง","0.1623","0","604.22","604.22","622.17","269505.99","88898.09","82197.83","98410.07","794","269505.99","80318.96","842189.54","312.24","43740.82","0","0","966561.56","67659.31","1034220.87","0","0","0","0","../WebScript/Upload/Electric/13490982_384789_11082026151953.jpg","","0","0","0","49158","41728","13490982","1160","588","2490223000","2","588","2490223000","5541021","0","75","363","202607","256907","2569","10","31","20260731","พลังงานไฟฟ้าตามใบแจ้งหนี้","การประปาส่วนภูมิภาคสาขาพระนครศรีอยุธยา(ชั้นพิเศษ)","กปภ.สาขาพระนครศรีอยุธยา(ชั้นพิเศษ)","พระนครศรีอยุธยา","การประปาส่วนภูมิภาคสาขาพระนครศรีอยุธยา(ชั้นพิเศษ)","กปภ.สาขาพระนครศรีอยุธยา(ชั้นพิเศษ)","พระนครศรีอยุธยา",,"กรกฎาคม","2569","1","1"
"41677","13490931","599","H12101","9089020002629621","410","3.2.2","สำนักงานประปาบ้านบึง","5","สำนักงาน-แรงสูง","0.1623","0","131.36","126.64","132.15","64211.01","21844.17","20617.06","21749.78","1093","64211.01","17461.68","201704.34","312.24","10421.45","56.07","0","229955.78","16096.9","246052.68","0","0","0","0","../WebScript/Upload/Electric/13490931_383854_05082026111523.jpg","กว.P133.60,OP128.80,H134.40
หักมิเตอร์ย่อย 1,093.00 หน่วย","1093","0","0","47503","41677","13490931","1103","409","2390112000","1","409","2390112000","5531013","0","75","363","202607","256907","2569","10","31","20260731","พลังงานไฟฟ้าตามใบแจ้งหนี้","การประปาส่วนภูมิภาคสาขาบ้านบึง","กปภ.สาขาบ้านบึง","บ้านบึง","การประปาส่วนภูมิภาคสาขาบ้านบึง","กปภ.สาขาบ้านบึง","บ้านบึง",,"กรกฎาคม","2569","1","1"
"41707","13490961","1149","F03401","9805 020013071717","505","3.2.2","(โรงกรองน้ำแม่ข่ายสตึก) สำนักงาน","11","สำนักงาน-แรงสูง-บ้านพัก","0.1623","0","78.21","81.57","76.19","36728.17","15166.18","9999.67","11562.32","3392","36728.17","10396.46","119594.73","312.24","5960.98","0","0","136264.41","9538.51","145802.92","0","0","0","0","../WebScript/Upload/Electric/13490961_384350_11082026000320.jpg","","0","0","0","48414","41707","13490961","1137","504","2390823000","8","504","2390823000","5532020","0","75","363","202607","256907","2569","10","31","20260731","พลังงานไฟฟ้าตามใบแจ้งหนี้","การประปาส่วนภูมิภาคสาขาสตึก","กปภ.สาขาสตึก","สตึก","การประปาส่วนภูมิภาคสาขาสตึก","กปภ.สาขาสตึก","สตึก",,"กรกฎาคม","2569","1","0"
"41805","13491056","1126","L05101","9030020007796009","839","3.2.2","สำนักงาน กปภ.สาขาสตูล","5","สำนักงาน-แรงสูง","0.1623","0","77.88","72.03","72.61","38613","16103.39","9644.47","12865.14","951","38613","10352.59","125983.24","312.24","6266.89","0","0","142914.96","10004.05","152919.01","0","0","0","0","../WebScript/Upload/Electric/13491056_381580_06082026194203.png","10%","3861.3","0","0","51451","41805","13491056","1237","838","2590522000","5","838","2590522000","5552022","0","75","363","202607","256907","2569","10","31","20260731","พลังงานไฟฟ้าตามใบแจ้งหนี้","การประปาส่วนภูมิภาคสาขาสตูล","กปภ.สาขาสตูล","สตูล","การประปาส่วนภูมิภาคสาขาสตูล","กปภ.สาขาสตูล","สตูล",,"กรกฎาคม","2569","1","1"
"41737","13490991","30","5701374907","0019 020013329494","615","2.1.2","โรงกรองน้ำ 1 (เก่า)","2","โรงกรอง","0.1623","0","0","0","0","121","0","0","0","526","121","393.06","0","33.29","19.64","0","0","445.99","31.22","477.21","0","0","0","0","../WebScript/Upload/Electric/13490991_380494_04082026144347.jpg","","0","0","0","49392","41737","13490991","1169","614","2490232000","2","614","2490232000","5541030","0","75","363","202607","256907","2569","10","31","20260731","พลังงานไฟฟ้าตามใบแจ้งหนี้","การประปาส่วนภูมิภาคสาขาปากช่อง","กปภ.สาขาปากช่อง","ปากช่อง","การประปาส่วนภูมิภาคสาขาปากช่อง","กปภ.สาขาปากช่อง","ปากช่อง",,"กรกฎาคม","2569","1","1"
"41608","13490862","1226","C02103","9020020006649506","90","3.2.2","หน่วยบริการเก้าเลี้ยว(แรงสูง)","3","แรงสูง","0.1623","0","96.73","96.94","97.55","43658.32","17965.9","11769.13","13923.29","167","43658.32","12858.32","142062.88","312.24","7085.75","224.28","0","162543.47","11378.04","173921.51","0","0","0","0","../WebScript/Upload/Electric/13490862_381226_31072026093854.jpg","","0","0","0","44815","41608","13490862","1032","90","2191011000","10","90","2191011000","5512011","0","75","363","202607","256907","2569","10","31","20260731","พลังงานไฟฟ้าตามใบแจ้งหนี้","การประปาส่วนภูมิภาคสาขานครสวรรค์","กปภ.สาขานครสวรรค์","นครสวรรค์","การประปาส่วนภูมิภาคสาขานครสวรรค์","กปภ.สาขานครสวรรค์","นครสวรรค์",,"กรกฎาคม","2569","1","1"
"41608","13490862","1228","0302301","9002020006036706","90","3.1.2","หน่วยบริการทับกฤช(แรงสูง)","2","โรงกรอง","0.1623","0","19.16","0","0","9996.16","9996.16","0","0","8","9996.16","3760.34","31458.92","312.24","1622.38","0","0","37153.88","2600.77","39754.65","0","0","0","0","../WebScript/Upload/Electric/13490862_381227_23072026145825.jpg","","0","0","0","44815","41608","13490862","1032","90","2191011000","10","90","2191011000","5512011","0","75","363","202607","256907","2569","10","31","20260731","พลังงานไฟฟ้าตามใบแจ้งหนี้","การประปาส่วนภูมิภาคสาขานครสวรรค์","กปภ.สาขานครสวรรค์","นครสวรรค์","การประปาส่วนภูมิภาคสาขานครสวรรค์","กปภ.สาขานครสวรรค์","นครสวรรค์",,"กรกฎาคม","2569","1","1"
"41591","13490845","548","A03101","9819020005306465","35","3.2.2","โรงกรองน้ำอ่าง 1","2","โรงกรอง","0.1623","0","206.15","204.95","204.95","65632.99","24438.58","20159.73","21034.68","79","65632.99","27403.52","209506.48","312.24","10652.23","2298.87","0","250173.34","17512.13","267685.47","0","0","0","0","../WebScript/Upload/Electric/13490845_382196_05082026155535.jpg","","0","0","0","44268","41591","13490845","1014","34","2190921000","9","34","2190921000","5511022","0","75","363","202607","256907","2569","10","31","20260731","พลังงานไฟฟ้าตามใบแจ้งหนี้","การประปาส่วนภูมิภาคสาขาลำปาง","กปภ.สาขาลำปาง","ลำปาง","การประปาส่วนภูมิภาคสาขาลำปาง","กปภ.สาขาลำปาง","ลำปาง",,"กรกฎาคม","2569","1","1"
"41757","13491010","1058","I13201","9804020003587105","680","3.2.2","โรงสูบน้ำแรงต่ำ","4","แรงต่ำ","0.1632","0","78.57","78.57","78.49","52056.84","17509.33","175463.68","17083.83","57","52056.84","10444.31","163208.64","312.24","8448.83","0","0","182414.02","12768.98","195183","0","0","0","0","../WebScript/Upload/Electric/13491010_381936_31072026114251.jpg","","0","0","0","50001","41757","13491010","1190","679","2490322000","3","679","2490322000","5542022","0","75","363","202607","256907","2569","10","31","20260731","พลังงานไฟฟ้าตามใบแจ้งหนี้","การประปาส่วนภูมิภาคสาขาด่านช้าง","กปภ.สาขาด่านช้าง","ด่านช้าง","การประปาส่วนภูมิภาคสาขาด่านช้าง","กปภ.สาขาด่านช้าง","ด่านช้าง",,"กรกฎาคม","2569","1","1"
"41655","13490909","747","F02502","9066020013647746","300","3.2.2","โรงกรองน้ำโคกรัง","3","แรงสูง","0.1623","0","44.41","44.53","45.3","27124.62","11012.56","9033.69","7078.37","13","27124.62","5903.42","88026.42","312.24","4402.33","280.35","0","98924.76","6924.73","105849.49","0","0","0","0","../WebScript/Upload/Electric/13490909_381789_03082026090133.jpg","","0","0","0","46648","41655","13490909","1245","300","2290632000","6","300","2290632000","5521029","0","75","363","202607","256907","2569","10","31","20260731","พลังงานไฟฟ้าตามใบแจ้งหนี้","การประปาส่วนภูมิภาคสาขาบำเหน็จณรงค์","กปภ.สาขาบำเหน็จณรงค์","บำเหน็จณรงค์","การประปาส่วนภูมิภาคสาขาบำเหน็จณรงค์","กปภ.สาขาบำเหน็จณรงค์","บำเหน็จณรงค์",,"กรกฎาคม","2569","1","1"
"41655","13490909","742","F02501","9068020012823507","300","3.2.2","สำนักงาน กปภ.สาขาบำเหน็จณรงค์","3","แรงสูง","0.1623","0","142.84","126.97","128.55","66721","27353.39","18902.17","20465.44","543","66721","18987.72","216945.29","312.24","10828.82","0","0","247074.07","17295.18","264369.25","0","0","0","0","../WebScript/Upload/Electric/13490909_381785_03082026090010.jpg","","0","0","0","46648","41655","13490909","1245","300","2290632000","6","300","2290632000","5521029","0","75","363","202607","256907","2569","10","31","20260731","พลังงานไฟฟ้าตามใบแจ้งหนี้","การประปาส่วนภูมิภาคสาขาบำเหน็จณรงค์","กปภ.สาขาบำเหน็จณรงค์","บำเหน็จณรงค์","การประปาส่วนภูมิภาคสาขาบำเหน็จณรงค์","กปภ.สาขาบำเหน็จณรงค์","บำเหน็จณรงค์",,"กรกฎาคม","2569","1","1"
"41655","13490909","744","F02501","9066020012822152","300","2.1.1","โรงกรองน้ำบ้านเพชร","3","แรงสูง","0.1623","0","0.76","0","0","131","131","0","0","490","131","512.03","0","312.24","21.26","0","0","845.53","59.19","904.72","0","0","0","0","../WebScript/Upload/Electric/13490909_381787_03082026090054.jpg","","0","0","0","46648","41655","13490909","1245","300","2290632000","6","300","2290632000","5521029","0","75","363","202607","256907","2569","10","31","20260731","พลังงานไฟฟ้าตามใบแจ้งหนี้","การประปาส่วนภูมิภาคสาขาบำเหน็จณรงค์","กปภ.สาขาบำเหน็จณรงค์","บำเหน็จณรงค์","การประปาส่วนภูมิภาคสาขาบำเหน็จณรงค์","กปภ.สาขาบำเหน็จณรงค์","บำเหน็จณรงค์",,"กรกฎาคม","2569","1","1"
"41706","13490960","997","F03101","9801 020013211993","501","4.2.2"," โรงกรองน้ำห้วยจรเข้มาก","3","แรงสูง","0.1623","0","437.42","505.03","505.03","217181","66468.56","79133.97","71578.47","1279","217181","58146.24","670507.79","312.24","35248.48","2298.87","0","766513.62","53655.95","820169.57","0","0","0","0","../WebScript/Upload/Electric/13490960_383643_10082026141309.jpg","","0","0","0","48377","41706","13490960","1136","500","2390822000","8","500","2390822000","5532019","0","75","363","202607","256907","2569","10","31","20260731","พลังงานไฟฟ้าตามใบแจ้งหนี้","การประปาส่วนภูมิภาคสาขาบุรีรัมย์","กปภ.สาขาบุรีรัมย์","บุรีรัมย์","การประปาส่วนภูมิภาคสาขาบุรีรัมย์","กปภ.สาขาบุรีรัมย์","บุรีรัมย์",,"กรกฎาคม","2569","0","0"
"41618","13490872","2135","B02101","9802 020019921149","140","3.2.2","หน้าโรงสูบน้ำแรงสูง(ทุ่งทะเลหลวง)","2","โรงกรอง","0.1623","0","215.24","243.14","251.11","396179.76","39978.96","36252.11","40556.92","412","396179.76","28611.85","367255.67","312.24","18954.69","0","0","415134.45","29059.41","444193.86","0","0","0","0","../WebScript/Upload/Electric/13490872_381974_07082026171504.jpg","","0","0","0","45248","41618","13490872","1042","140","2191021000","10","140","2191021000","5512021","0","75","363","202607","256907","2569","10","31","20260731","พลังงานไฟฟ้าตามใบแจ้งหนี้","การประปาส่วนภูมิภาคสาขาสุโขทัย","กปภ.สาขาสุโขทัย","สุโขทัย","การประปาส่วนภูมิภาคสาขาสุโขทัย","กปภ.สาขาสุโขทัย","สุโขทัย",,"กรกฎาคม","2569","1","1"
"41706","13490960","1004","F03101","0109 020013259258","501","2.1.2","กม.7/1","7","สถานีจ่ายน้ำ","0.1623","0","0","0","0","249","0","0","0","8","249","905.22","0","33.29","40.41","0","0","978.92","68.52","1047.45","0","0","0","0","../WebScript/Upload/Electric/13490960_383645_10082026141407.jpg","","0","0","0","48377","41706","13490960","1136","500","2390822000","8","500","2390822000","5532019","0","75","363","202607","256907","2569","10","31","20260731","พลังงานไฟฟ้าตามใบแจ้งหนี้","การประปาส่วนภูมิภาคสาขาบุรีรัมย์","กปภ.สาขาบุรีรัมย์","บุรีรัมย์","การประปาส่วนภูมิภาคสาขาบุรีรัมย์","กปภ.สาขาบุรีรัมย์","บุรีรัมย์",,"กรกฎาคม","2569","0","0"
"41706","13490960","1009","F03101","9102 020013260782","501","3.2.2","กม.7/2","7","สถานีจ่ายน้ำ","0.1623","0","120.26","121.18","120.77","29038.82","11564.76","8421.37","9052.69","73","29038.82","15986.16","93883.01","312.24","4713","784.98","0","115679.39","8097.56","123776.95","0","0","0","0",,"","0","0","0","48377","41706","13490960","1136","500","2390822000","8","500","2390822000","5532019","0","75","363","202607","256907","2569","10","31","20260731","พลังงานไฟฟ้าตามใบแจ้งหนี้","การประปาส่วนภูมิภาคสาขาบุรีรัมย์","กปภ.สาขาบุรีรัมย์","บุรีรัมย์","การประปาส่วนภูมิภาคสาขาบุรีรัมย์","กปภ.สาขาบุรีรัมย์","บุรีรัมย์",,"กรกฎาคม","2569","0","0"
"41706","13490960","1856","F03101","9028 020018119221","501","3.2.2","ศาลากลางใหม่","7","สถานีจ่ายน้ำ","0.1623","0","25.94","18.14","18.14","2985.41","1124.72","853.2","1007.49","422","2985.41","0","11668.77","312.24","484.53","0","0","12465.54","872.59","13338.13","0","0","0","0",,"","0","0","0","48377","41706","13490960","1136","500","2390822000","8","500","2390822000","5532019","0","75","363","202607","256907","2569","10","31","20260731","พลังงานไฟฟ้าตามใบแจ้งหนี้","การประปาส่วนภูมิภาคสาขาบุรีรัมย์","กปภ.สาขาบุรีรัมย์","บุรีรัมย์","การประปาส่วนภูมิภาคสาขาบุรีรัมย์","กปภ.สาขาบุรีรัมย์","บุรีรัมย์",,"กรกฎาคม","2569","0","0"
"41810","13491061","201","L02301","9809020007520641","856","2.1.1","สถานีผลิตน้ำรือเสาะ (แม่ข่าย) 184 ม.10 ต.รือเสาะ อ.รือเสาะ จ.นราธิวาส 96150","10","แรงต่ำ-แรงสูง","0.1623","0","23.56","23.7","25.12","8021.4","3704.12","2115.86","2201.42","1429","8021.4","31352.45","0","312.24","1301.87","0","0","32966.56","2307.66","35274.22","0","0","0","0","../WebScript/Upload/Electric/13491061_384167_07082026135837.jpg","","0","0","0","51589","41810","13491061","1242","855","2590527000","5","855","2590527000","5552028","0","75","363","202607","256907","2569","10","31","20260731","พลังงานไฟฟ้าตามใบแจ้งหนี้","การประปาส่วนภูมิภาคสาขารือเสาะ","กปภ.สาขารือเสาะ","รือเสาะ","การประปาส่วนภูมิภาคสาขารือเสาะ","กปภ.สาขารือเสาะ","รือเสาะ",,"กรกฎาคม","2569","1","1"
"41584","13490838","346","A12101","9811020005543568","12","3.2.2","สถานีผลิตน้ำแรงสูงแม่ริม 2","3","แรงสูง","0.1623","0","234.64","180.77","233.44","76964","29126.37","22398.45","25439.18","184","76964","31190.7","246416.66","312.24","12491.26","0","0","290410.86","20328.76","310739.62","0","0","0","0","../WebScript/Upload/Electric/13490838_382122_03082026110117.jpg","","0","0","0","44044","41584","13490838","1007","12","2190914000","9","12","2190914000","5511014","0","75","363","202607","256907","2569","10","31","20260731","พลังงานไฟฟ้าตามใบแจ้งหนี้","การประปาส่วนภูมิภาคสาขาแม่ริม","กปภ.สาขาแม่ริม","แม่ริม","การประปาส่วนภูมิภาคสาขาแม่ริม","กปภ.สาขาแม่ริม","แม่ริม",,"กรกฎาคม","2569","1","1"
"41614","13490868","1256","B04108","9069020010189815","122","3.1.2","หน่วยบริการคลองลาน","2","โรงกรอง","0.1623","0","33.01","0","0","15190.88","15190.88","0","0","205","15190.88","6478.54","47807.22","312.24","2465.48","0","0","57063.48","3994.44","61057.92","0","0","0","0","../WebScript/Upload/Electric/13490868_382498_03082026173850.jpg","","0","0","0","45065","41614","13490868","1038","119","2191017000","10","119","2191017000","5512017","0","75","363","202607","256907","2569","10","31","20260731","พลังงานไฟฟ้าตามใบแจ้งหนี้","การประปาส่วนภูมิภาคสาขากำแพงเพชร","กปภ.สาขากำแพงเพชร","กำแพงเพชร","การประปาส่วนภูมิภาคสาขากำแพงเพชร","กปภ.สาขากำแพงเพชร","กำแพงเพชร",,"กรกฎาคม","2569","1","1"
"41610","13490864","1111","C02501","9002020006227224","103","3.1.2","หน่วยบริการบรรพต","11","สำนักงาน-แรงสูง-บ้านพัก","0.1623","0","22.35","0","0","6396.52","6396.52","0","0","260","6396.52","4386.41","20130.49","312.24","1038.16","0","0","25867.3","1810.71","27678.01","0","0","0","0","../WebScript/Upload/Electric/13490864_384057_05082026134959.jpg","","0","0","0","44910","41610","13490864","1034","101","2191013000","10","101","2191013000","5512013","0","75","363","202607","256907","2569","10","31","20260731","พลังงานไฟฟ้าตามใบแจ้งหนี้","การประปาส่วนภูมิภาคสาขาลาดยาว","กปภ.สาขาลาดยาว","ลาดยาว","การประปาส่วนภูมิภาคสาขาลาดยาว","กปภ.สาขาลาดยาว","ลาดยาว",,"กรกฎาคม","2569","1","1"
"41609","13490863","1245","C02203","9022020006270877","100","3.2.2","โรงกรองน้ำมะเกลือหวาน","3","แรงสูง","0.1623","0","62.88","62.22","51.8","13861.32","7849.32","3216.93","2795.07","27","13861.32","8358.64","48494.21","312.24","2249.69","560.7","0","59975.48","4198.28","64173.76","0","0","0","0","../WebScript/Upload/Electric/13490863_381803_27072026141902.jpg","","0","0","0","44866","41609","13490863","1033","96","2191012000","10","96","2191012000","5512012","0","75","363","202607","256907","2569","10","31","20260731","พลังงานไฟฟ้าตามใบแจ้งหนี้","การประปาส่วนภูมิภาคสาขาท่าตะโก","กปภ.สาขาท่าตะโก","ท่าตะโก","การประปาส่วนภูมิภาคสาขาท่าตะโก","กปภ.สาขาท่าตะโก","ท่าตะโก",,"กรกฎาคม","2569","1","1"
"41674","13490928","1142","D06401","9807020015420307","399","3.1.2","การประปาส่วนภูมิภาคสาขาบ้านแพง","5","สำนักงาน-แรงสูง","0.1623","0","49.72","48.75","44.99","20533.62","7649.61","6551.92","6332.09","245","20533.62","9758.05","64621.36","312.24","3332.61","112.14","0","78136.4","5469.55","83605.95","0","0","0","0","../WebScript/Upload/Electric/13490928_383593_04082026102806.jpg","","0","0","0","47417","41674","13490928","1097","398","2290729000","7","398","2290729000","5522029","0","75","363","202607","256907","2569","10","31","20260731","พลังงานไฟฟ้าตามใบแจ้งหนี้","การประปาส่วนภูมิภาคสาขาบ้านแพง","กปภ.สาขาบ้านแพง","บ้านแพง","การประปาส่วนภูมิภาคสาขาบ้านแพง","กปภ.สาขาบ้านแพง","บ้านแพง",,"กรกฎาคม","2569","1","1"
"41653","13490907","1597","E09201","9801020011296487","291","3.1.2","แม่ข่ายโพนทอง","3","แรงสูง","0.1623","0","44.53","41.97","32.69","19886.86","8890.42","5075.7","5920.74","68","19886.86","8739.46","62585.94","312.24","3227.64","168.21","0","75033.49","5252.34","80285.83","0","0","0","0","../WebScript/Upload/Electric/13490907_383783_04082026144500.png","","0","0","0","46569","41653","13490907","1134","290","2290630000","6","290","2290630000","5521031","0","75","363","202607","256907","2569","10","31","20260731","พลังงานไฟฟ้าตามใบแจ้งหนี้","การประปาส่วนภูมิภาคสาขาโพนทอง","กปภ.สาขาโพนทอง","โพนทอง","การประปาส่วนภูมิภาคสาขาโพนทอง","กปภ.สาขาโพนทอง","โพนทอง",,"กรกฎาคม","2569","1","1"
"41800","13491051","384","L06101","9833020007369668","820","3.2.2","สถานีผลิตน้ำนาท่อม (แม่ข่าย)","10","แรงต่ำ-แรงสูง","0.1623","0","270.16","303.03","310.8","137289.01","51933.14","35652.11","49703.76","531","137289.01","35912.37","439524.12","312.24","22282.01","0","0","498030.74","34862.15","532892.89","0","0","0","0","../WebScript/Upload/Electric/13491051_383698_08082026094510.jpg","แรงสูง 70%","96102","0","0","51285","41800","13491051","1232","819","2590517000","5","819","2590517000","5552016","0","75","363","202607","256907","2569","10","31","20260731","พลังงานไฟฟ้าตามใบแจ้งหนี้","การประปาส่วนภูมิภาคสาขาพัทลุง","กปภ.สาขาพัทลุง","พัทลุง","การประปาส่วนภูมิภาคสาขาพัทลุง","กปภ.สาขาพัทลุง","พัทลุง",,"กรกฎาคม","2569","1","1"
"41702","13490956","915","23067921","9803 020012217826","486","3.1.2","แรงสูงสำนักงานอำนาจเจริญ","3","แรงสูง","0.1623","0","68.59","65.68","51.32","29274.06","13076.9","7796.73","8400.43","5052","29274.06","13461.47","92128.39","312.24","4751.18","0","0","110653.28","7745.73","118399.01","0","0","0","0","../WebScript/Upload/Electric/13490956_381818_06082026151144.jpg","","0","0","0","48229","41702","13490956","1129","485","2390815000","8","485","2390815000","5532015","0","75","363","202607","256907","2569","10","31","20260731","พลังงานไฟฟ้าตามใบแจ้งหนี้","การประปาส่วนภูมิภาคสาขาอำนาจเจริญ","กปภ.สาขาอำนาจเจริญ","อำนาจเจริญ","การประปาส่วนภูมิภาคสาขาอำนาจเจริญ","กปภ.สาขาอำนาจเจริญ","อำนาจเจริญ",,"กรกฎาคม","2569","1","0"
"41713","13490967","675","F04601","9803 020014420601","526","3.2.2","สำนักงานประปารัตนบุรี","11","สำนักงาน-แรงสูง-บ้านพัก","0.1623","0","74.6","73.3","68.45","31107.66","11651.56","9756.05","9700.05","622","31107.66","9916.58","99406.78","312.24","5048.77","392.49","0","115076.86","8055.38","123132.24","0","0","0","0","../WebScript/Upload/Electric/13490967_381219_03082026104911.jpg","","1555","0","0","48608","41713","13490967","1143","525","2390829000","8","525","2390829000","5532026","0","75","363","202607","256907","2569","10","31","20260731","พลังงานไฟฟ้าตามใบแจ้งหนี้","การประปาส่วนภูมิภาคสาขารัตนบุรี","กปภ.สาขารัตนบุรี","รัตนบุรี","การประปาส่วนภูมิภาคสาขารัตนบุรี","กปภ.สาขารัตนบุรี","รัตนบุรี",,"กรกฎาคม","2569","1","0"
"41593","13490847","398","A13201","9804020005763862","42","3.1.2","03_งานผลิตเถิน","11","สำนักงาน-แรงสูง-บ้านพัก","0.1623","0","100.14","85.98","94.74","43242.76","18474.38","10992","13776.38","1860","43242.76","19653.48","136089.29","312.24","7018.3","112.14","0","163185.45","11422.98","174608.43","0","0","0","0","../WebScript/Upload/Electric/13490847_382042_07082026161706.jpg","","0","0","0","44342","41593","13490847","1016","41","2190923000","9","41","2190923000","5511024","0","75","363","202607","256907","2569","10","31","20260731","พลังงานไฟฟ้าตามใบแจ้งหนี้","การประปาส่วนภูมิภาคสาขาเถิน","กปภ.สาขาเถิน","เถิน","การประปาส่วนภูมิภาคสาขาเถิน","กปภ.สาขาเถิน","เถิน",,"กรกฎาคม","2569","1","1"
"41755","13491008","1029","I02401","9803020003198478","674","3.2.2","แม่ข่ายศรีประจันต์","2","โรงกรอง","0.1623","0","80.79","86.62","87.26","22145.35","8852.66","6025.07","7267.62","542","22145.35","10739.41","71648.82","312.24","3594.19","0","0","86294.66","6040.63","92335.29","0","0","0","0","../WebScript/Upload/Electric/13491008_381402_31072026164319.jpg","","0","0","0","49945","41755","13491008","1188","673","2490320000","3","673","2490320000","5542020","0","75","363","202607","256907","2569","10","31","20260731","พลังงานไฟฟ้าตามใบแจ้งหนี้","การประปาส่วนภูมิภาคสาขาศรีประจันต์","กปภ.สาขาศรีประจันต์","ศรีประจันต์","การประปาส่วนภูมิภาคสาขาศรีประจันต์","กปภ.สาขาศรีประจันต์","ศรีประจันต์",,"กรกฎาคม","2569","1","1"
"41592","13490846","2269","A13101","9098020004541716","40","3.1.2","แม่ข่ายเกาะคา","3","แรงสูง","0.1623","0","40.43","38.04","30.55","13297.99","5813.38","3243.63","4240.98","4462","13297.99","7934.79","5813.38","312.24","2158.26","0","0","52255.39","3657.88","55913.27","0","0","0","0","../WebScript/Upload/Electric/13490846_384681_10082026120220.jpg","","0","0","0","44319","41592","13490846","1015","39","2190922000","9","39","2190922000","5511023","0","75","363","202607","256907","2569","10","31","20260731","พลังงานไฟฟ้าตามใบแจ้งหนี้","การประปาส่วนภูมิภาคสาขาเกาะคา","กปภ.สาขาเกาะคา","เกาะคา","การประปาส่วนภูมิภาคสาขาเกาะคา","กปภ.สาขาเกาะคา","เกาะคา",,"กรกฎาคม","2569","1","1"
"41829","13491066","1807","27730675","GKLG9013 020001018386","926","3.2.2","สถานีจ่ายน้ำคลองหลวงสอง","7","สถานีจ่ายน้ำ","0.1623","0","50.16","50.16","50.16","9745","2388.88","5502.23","1853.89","747","9745","6667.77","29147.97","312.24","1581.61","168.21","0","37877.8","2651.45","40529.25","0","0","0","0","../WebScript/Upload/Electric/13491066_384305_15082026091822.jpg","","0","0","0","49675","41829","13491066","1252","923","2490241000","2","923","2490241000","5541039","0","75","363","202607","256907","2569","10","31","20260731","พลังงานไฟฟ้าตามใบแจ้งหนี้","การประปาส่วนภูมิภาคสาขาคลองหลวง","กปภ.สาขาคลองหลวง","คลองหลวง ","การประปาส่วนภูมิภาคสาขาคลองหลวง","กปภ.สาขาคลองหลวง","คลองหลวง ",,"กรกฎาคม","2569","1","1"
"41829","13491066","3077","6300004702","GKLG9013 020022665891","926","2.1.1","สถานีจ่ายน้ำเสริมแรงดันคลองห้า","7","สถานีจ่ายน้ำ","0.1623","0","9.87","14.44","9.28","2985.7","770.14","1476.06","739.5","2081.3","2985.7","11669.91","0","312.24","484.58","0","0","12466.73","872.67","13339.4","0","0","0","0","../WebScript/Upload/Electric/13491066_384306_15082026091912.jpg","","0","0","0","49675","41829","13491066","1252","923","2490241000","2","923","2490241000","5541039","0","75","363","202607","256907","2569","10","31","20260731","พลังงานไฟฟ้าตามใบแจ้งหนี้","การประปาส่วนภูมิภาคสาขาคลองหลวง","กปภ.สาขาคลองหลวง","คลองหลวง ","การประปาส่วนภูมิภาคสาขาคลองหลวง","กปภ.สาขาคลองหลวง","คลองหลวง ",,"กรกฎาคม","2569","1","1"
"41688","13490942","267","H09101","9807020002144634","441","3.2.2","สถานีผลิตน้ำเขาดิน","2","โรงกรอง","0.1623","0","46.59","44.44","46.95","16656.32","5902.27","5344.98","5409.07","364","16656.32","6193.21","52694.85","312.24","2703.32","336.42","0","62240.04","4356.8","66596.84","0","0","0","0","../WebScript/Upload/Electric/13490942_380703_05082026133628.jpg","","0","0","0","47804","41688","13490942","1114","440","2390123000","1","440","2390123000","5531023","0","75","363","202607","256907","2569","10","31","20260731","พลังงานไฟฟ้าตามใบแจ้งหนี้","การประปาส่วนภูมิภาคสาขาปากน้ำประแสร์","กปภ.สาขาปากน้ำประแสร์","ปากน้ำประแสร์","การประปาส่วนภูมิภาคสาขาปากน้ำประแสร์","กปภ.สาขาปากน้ำประแสร์","ปากน้ำประแสร์",,"กรกฎาคม","2569","1","1"
"41610","13490864","1110","C11101","9801020006321786","102","3.2.2","สถานีผลิตน้ำบึงหล่ม","11","สำนักงาน-แรงสูง-บ้านพัก","0.1623","0","96.18","117.73","126.11","53811","18149.84","14997.16","20664","125","53811","12785.21","168788.07","312.24","8733.53","448.56","0","191067.61","13374.73","204442.34","0","0","0","0","../WebScript/Upload/Electric/13490864_384056_05082026135501.jpg","","0","0","0","44910","41610","13490864","1034","101","2191013000","10","101","2191013000","5512013","0","75","363","202607","256907","2569","10","31","20260731","พลังงานไฟฟ้าตามใบแจ้งหนี้","การประปาส่วนภูมิภาคสาขาลาดยาว","กปภ.สาขาลาดยาว","ลาดยาว","การประปาส่วนภูมิภาคสาขาลาดยาว","กปภ.สาขาลาดยาว","ลาดยาว",,"กรกฎาคม","2569","1","1"
"41764","13491016","229","90331272","020004350841","699","4.2.2","โรงกรองน้ำสำนักงานประปาเพชรบุรี(สถานีผลิตน้ำบ้านลาด1)","5","สำนักงาน-แรงสูง","0.1623","0","660.67","672.54","660.67","323648","89605.52","121254.26","112788.22","3592","323648","87822.86","984276.94","312.24","52528.07","0","0","1124940.11","78745.81","1203685.92","0","0","0","0","../WebScript/Upload/Electric/13491016_384541_20082026134430.jpg","","0","0","0","50162","41764","13491016","1197","698","2490329000","3","698","2490329000","5542028","0","75","363","202607","256907","2569","10","31","20260731","พลังงานไฟฟ้าตามใบแจ้งหนี้","การประปาส่วนภูมิภาคสาขาเพชรบุรี","กปภ.สาขาเพชรบุรี","เพชรบุรี","การประปาส่วนภูมิภาคสาขาเพชรบุรี","กปภ.สาขาเพชรบุรี","เพชรบุรี",,"กรกฎาคม","2569","1","1"
"41764","13491016","3187","6500727683","020003677163","699","3.2.2","สถานีจ่ายน้ำบ้านแหลม","7","สถานีจ่ายน้ำ","0.1623","0","233.9","263.89","262.69","149542","50295.15","46240.83","53006.02","62","149542","31092.33","468838.89","312.24","24270.67","504.63","0","525018.76","36751.31","561770.07","0","0","0","0","../WebScript/Upload/Electric/13491016_384544_20082026141842.jpg","","0","0","0","50162","41764","13491016","1197","698","2490329000","3","698","2490329000","5542028","0","75","363","202607","256907","2569","10","31","20260731","พลังงานไฟฟ้าตามใบแจ้งหนี้","การประปาส่วนภูมิภาคสาขาเพชรบุรี","กปภ.สาขาเพชรบุรี","เพชรบุรี","การประปาส่วนภูมิภาคสาขาเพชรบุรี","กปภ.สาขาเพชรบุรี","เพชรบุรี",,"กรกฎาคม","2569","1","1"
"41610","13490864","1109","C11101","9011020006321840","102","2.1.1","สำนักงาน","1","สำนักงาน","0.1623","0","0","0","0","2234","2234","0","0","328","2234","8731.81","0","312.24","362.58","0","0","9406.63","658.46","10065.09","0","0","0","0","../WebScript/Upload/Electric/13490864_384055_05082026133829.jpg","","0","0","0","44910","41610","13490864","1034","101","2191013000","10","101","2191013000","5512013","0","75","363","202607","256907","2569","10","31","20260731","พลังงานไฟฟ้าตามใบแจ้งหนี้","การประปาส่วนภูมิภาคสาขาลาดยาว","กปภ.สาขาลาดยาว","ลาดยาว","การประปาส่วนภูมิภาคสาขาลาดยาว","กปภ.สาขาลาดยาว","ลาดยาว",,"กรกฎาคม","2569","1","1"
"41772","13491024","1388","K08101","8307339","728","3.2.2","โรงสูบแรงต่ำพรุกระจูด(แรงต่ำหินลาด)","4","แรงต่ำ","0.1623","0","75.1","75.1","75.1","45578","16698.63","14856.27","14023.1","1030","45578","9983.04","145058.62","312.24","7397.31","280.35","0","163031.56","11412.21","174443.77","0","0","0","0","../WebScript/Upload/Electric/13491024_384390_07082026110653.jpg","","0","0","0","50436","41772","13491024","1206","727","2590413000","4","727","2590413000","5551013","0","75","363","202607","256907","2569","10","31","20260731","พลังงานไฟฟ้าตามใบแจ้งหนี้","การประปาส่วนภูมิภาคสาขาเกาะสมุย","กปภ.สาขาเกาะสมุย","เกาะสมุย","การประปาส่วนภูมิภาคสาขาเกาะสมุย","กปภ.สาขาเกาะสมุย","เกาะสมุย",,"กรกฎาคม","2569","1","1"
"41754","13491007","1747","I02401","0821020016603314","669","3.2.2","โรงกรองน้ำวังยาง","3","แรงสูง","0.1623","0","281.22","264.72","279.65","100854","34382.58","31460.42","35011","1858","100854","37382.57","316924.91","312.24","16368.6","0","0","370988.32","25969.18","396957.5","0","0","0","0","../WebScript/Upload/Electric/13491007_384520_07082026140252.jpg","","0","0","0","49903","41754","13491007","1187","668","2490319000","3","668","2490319000","5542019","0","75","363","202607","256907","2569","10","31","20260731","พลังงานไฟฟ้าตามใบแจ้งหนี้","การประปาส่วนภูมิภาคสาขาสุพรรณบุรี","กปภ.สาขาสุพรรณบุรี","สุพรรณบุรี","การประปาส่วนภูมิภาคสาขาสุพรรณบุรี","กปภ.สาขาสุพรรณบุรี","สุพรรณบุรี",,"กรกฎาคม","2569","1","1"
"41754","13491007","373","I02401","9903020003198436","669","2.1.1","สถานีจ่ายน้ำโพธิ์พระยา","7","สถานีจ่ายน้ำ","0.1623","0","2.72","2.73","2.72","1195.01","427.76","393.81","373.44","213","1195.01","4670.81","0","312.24","193.95","0","0","5177","362.39","5539.39","0","0","0","0","../WebScript/Upload/Electric/13491007_384518_07082026140031.jpg","","0","0","0","49903","41754","13491007","1187","668","2490319000","3","668","2490319000","5542019","0","75","363","202607","256907","2569","10","31","20260731","พลังงานไฟฟ้าตามใบแจ้งหนี้","การประปาส่วนภูมิภาคสาขาสุพรรณบุรี","กปภ.สาขาสุพรรณบุรี","สุพรรณบุรี","การประปาส่วนภูมิภาคสาขาสุพรรณบุรี","กปภ.สาขาสุพรรณบุรี","สุพรรณบุรี",,"กรกฎาคม","2569","1","1"
"41622","13490876","1935","B11301","9021020010629096","154","2.1.1","สำนักงาน","1","สำนักงาน","0.1623","0","11.75","0","0","2071","2071","0","0","537","2071","8094.7","0","312.24","336.12","0","0","8743.06","612.01","9355.07","0","0","0","0","../WebScript/Upload/Electric/13490876_382079_03082026093539.jpg","","0","0","0","45382","41622","13490876","1046","154","2191025000","10","154","2191025000","5512025","0","75","363","202607","256907","2569","10","31","20260731","พลังงานไฟฟ้าตามใบแจ้งหนี้","การประปาส่วนภูมิภาคสาขาศรีสัชนาลัย","กปภ.สาขาศรีสัชนาลัย","ศรีสัชนาลัย","การประปาส่วนภูมิภาคสาขาศรีสัชนาลัย","กปภ.สาขาศรีสัชนาลัย","ศรีสัชนาลัย",,"กรกฎาคม","2569","1","1"
"41722","13490976","111","23051365","9801 020007049642","568","4.2.2","แรงต่ำ โคกกระเทียม","4","แรงต่ำ","0.1623","0","545.82","545.82","545.82","381213","143492.2","112222.61","125498.19","127","381213","72555.85","1219310.67","312.24","61870.87","1906.38","0","1355956.01","94916.92","1450872.93","0","0","0","0","../WebScript/Upload/Electric/13490976_381272_07082026104652.jpg","","0","0","0","48957","41722","13490976","1152","567","2490215000","2","567","2490215000","5541015","0","75","363","202607","256907","2569","10","31","20260731","พลังงานไฟฟ้าตามใบแจ้งหนี้","การประปาส่วนภูมิภาคสาขาลพบุรี","กปภ.สาขาลพบุรี","ลพบุรี","การประปาส่วนภูมิภาคสาขาลพบุรี","กปภ.สาขาลพบุรี","ลพบุรี",,"กรกฎาคม","2569","1","1"
"41830","13491067","3361","6400044133","GLLA9021 020025028307","944","3.2.2","สำนักงาน กปภ.สาขาธัญบุรี","1","สำนักงาน","0.1623","0","29.68","31.46","9.35","7447.68","4440.46","1901.78","1105.44","1486","7447.68","3945.36","26408.31","312.24","1208.76","0","0","31874.67","2231.23","34105.9","0","0","0","0","../WebScript/Upload/Electric/13491067_384651_10082026132805.jpg","หักมิเตอร์ย่อย 1486.00 หน่วย ","0","0","0","49698","41830","13491067","1253","944","2490242000","2","944","2490242000","5541040","0","75","363","202607","256907","2569","10","31","20260731","พลังงานไฟฟ้าตามใบแจ้งหนี้","การประปาส่วนภูมิภาคสาขาธัญบุรี","กปภ.สาขาธัญบุรี","ธัญบุรี","การประปาส่วนภูมิภาคสาขาธัญบุรี","กปภ.สาขาธัญบุรี","ธัญบุรี",,"กรกฎาคม","2569","1","1"
"41688","13490942","268","H09101","9012020002144963","441","3.1.2","สถานีจ่ายน้ำสำนักงานการประปาสาขาปากน้ำประแสร์","3","แรงสูง","0.1623","0","30.18","28.09","23.25","8814.29","3642.58","2488.46","2683.25","3053","8814.29","5923.13","27739.45","312.24","1430.56","0","0","35405.38","2478.38","37883.76","0","0","0","0","../WebScript/Upload/Electric/13490942_380704_05082026133702.jpg","","0","0","0","47804","41688","13490942","1114","440","2390123000","1","440","2390123000","5531023","0","75","363","202607","256907","2569","10","31","20260731","พลังงานไฟฟ้าตามใบแจ้งหนี้","การประปาส่วนภูมิภาคสาขาปากน้ำประแสร์","กปภ.สาขาปากน้ำประแสร์","ปากน้ำประแสร์","การประปาส่วนภูมิภาคสาขาปากน้ำประแสร์","กปภ.สาขาปากน้ำประแสร์","ปากน้ำประแสร์",,"กรกฎาคม","2569","1","1"
"41688","13490942","270","H09101","9809020002252346","441","3.2.2","สถานีผลิตน้ำเขาระโอก(เขาจุก)","2","โรงกรอง","0.1623","0","55.56","71.04","72.63","29594","9199.26","9238.95","11155.79","234","29594","7385.59","91590.56","312.24","4803.11","0","0","104091.5","7286.41","111377.91","0","0","0","0","../WebScript/Upload/Electric/13490942_380706_05082026133806.jpg","","0","0","0","47804","41688","13490942","1114","440","2390123000","1","440","2390123000","5531023","0","75","363","202607","256907","2569","10","31","20260731","พลังงานไฟฟ้าตามใบแจ้งหนี้","การประปาส่วนภูมิภาคสาขาปากน้ำประแสร์","กปภ.สาขาปากน้ำประแสร์","ปากน้ำประแสร์","การประปาส่วนภูมิภาคสาขาปากน้ำประแสร์","กปภ.สาขาปากน้ำประแสร์","ปากน้ำประแสร์",,"กรกฎาคม","2569","1","1"
"41658","13490912","1418","5900803037","9017020015972613","320","3.2.2","โรงกรองกุดจับ (บ้านหัวขัว)","2","โรงกรอง","0.1623","0","43.47","44.56","44.14","19822.74","7784.62","5844.69","6193.43","145","19822.74","5778.47","63913.7","312.24","3217.23","336.42","0","73558.06","5149.06","78707.12","0","0","0","0","../WebScript/Upload/Electric/13490912_382481_03082026171829.jpg","","0","0","0","46780","41658","13490912","1081","317","2290713000","7","317","2290713000","5522013","0","75","363","202607","256907","2569","10","31","20260731","พลังงานไฟฟ้าตามใบแจ้งหนี้","การประปาส่วนภูมิภาคสาขาบ้านผือ","กปภ.สาขาบ้านผือ","บ้านผือ","การประปาส่วนภูมิภาคสาขาบ้านผือ","กปภ.สาขาบ้านผือ","บ้านผือ",,"กรกฎาคม","2569","1","1"
"41706","13490960","1002","F03101","9801 020013212221","501","3.1.2","2/19 ถ.บุลำดวน ต.ในเมือง อ.เมือง จ.บุรีรัมย์","1","สำนักงาน","0.1623","0","29.06","24.52","14.16","5811.58","3847.54","1084.59","879.45","1011","5811.58","5703.32","18289.62","312.24","943.22","0","0","25248.4","1767.39","27015.79","0","0","0","0","../WebScript/Upload/Electric/13490960_383644_10082026141343.jpg","","0","0","0","48377","41706","13490960","1136","500","2390822000","8","500","2390822000","5532019","0","75","363","202607","256907","2569","10","31","20260731","พลังงานไฟฟ้าตามใบแจ้งหนี้","การประปาส่วนภูมิภาคสาขาบุรีรัมย์","กปภ.สาขาบุรีรัมย์","บุรีรัมย์","การประปาส่วนภูมิภาคสาขาบุรีรัมย์","กปภ.สาขาบุรีรัมย์","บุรีรัมย์",,"กรกฎาคม","2569","0","0"
"41586","13490840","609","A07101","9806020005394637","19","3.1.2","สำนักงานประปาฝาง","3","แรงสูง","0.1623","0","53.04","54.52","53.59","22055.59","10033.85","5109.51","6912.23","2123","22055.59","10700.1","69411.15","312.24","3579.62","0","0","84003.11","5880.22","89883.33","0","0","0","0","../WebScript/Upload/Electric/13490840_382033_03082026132633.jpg","","0","0","0","44111","41586","13490840","1009","18","2190916000","9","18","2190916000","5511016","0","75","363","202607","256907","2569","10","31","20260731","พลังงานไฟฟ้าตามใบแจ้งหนี้","การประปาส่วนภูมิภาคสาขาฝาง","กปภ.สาขาฝาง","ฝาง","การประปาส่วนภูมิภาคสาขาฝาง","กปภ.สาขาฝาง","ฝาง",,"กรกฎาคม","2569","1","1"
"41604","13490858","559","A10201","9801020005920628","76","3.2.2","แพสูบน้ำแรงต่ำ","4","แรงต่ำ","0.1623","0","62.95","64.73","60.87","28545.28","6051.24","13539.22","8954.82","1610","28545.28","8367.94","83885.52","312.24","4632.9","0","0","97198.6","6803.9","104002.5","0","0","0","0","../WebScript/Upload/Electric/13490858_382218_05082026124221.jpg","","0","0","0","44686","41604","13490858","1027","76","2190934000","9","76","2190934000","5511035","0","75","363","202607","256907","2569","10","31","20260731","พลังงานไฟฟ้าตามใบแจ้งหนี้","การประปาส่วนภูมิภาคสาขาเวียงเชียงของ","กปภ.สาขาเวียงเชียงของ","เวียงเชียงของ","การประปาส่วนภูมิภาคสาขาเวียงเชียงของ","กปภ.สาขาเวียงเชียงของ","เวียงเชียงของ",,"กรกฎาคม","2569","1","1"
"41794","13491046","714","L04101","9837020007263297","806","3.2.2","สำนักงาน กปภ.สาขาสงขลา","5","สำนักงาน-แรงสูง","0.1623","0","353.11","369","370.77","168753","62765.95","52772.83","53214.22","3291","168753","46938.91","538564.94","312.24","27388.61","0","0","613204.7","42924.33","656129.03","0","0","0","0","../WebScript/Upload/Electric/13491046_381607_27072026130459.jpg","","8157","0","0","51146","41794","13491046","1226","805","2590511000","5","805","2590511000","5552011","0","75","363","202607","256907","2569","10","31","20260731","พลังงานไฟฟ้าตามใบแจ้งหนี้","การประปาส่วนภูมิภาคสาขาสงขลา","กปภ.สาขาสงขลา","สงขลา","การประปาส่วนภูมิภาคสาขาสงขลา","กปภ.สาขาสงขลา","สงขลา",,"กรกฎาคม","2569","1","1"
"41713","13490967","678","F04401","9803 020012789914","527","3.2.2","โรงกรองน้ำแรงสูง หน่วยบริการท่าตูม","3","แรงสูง","0.1623","0","65.85","65.21","7067","20948.36","8059.72","5894.61","6994.03","337","20948.36","8753.44","67279.21","312.24","3399.92","0","0","79744.81","5582.14","85326.95","0","0","0","0","../WebScript/Upload/Electric/13490967_381222_03082026105326.jpg","","0","0","0","48608","41713","13490967","1143","525","2390829000","8","525","2390829000","5532026","0","75","363","202607","256907","2569","10","31","20260731","พลังงานไฟฟ้าตามใบแจ้งหนี้","การประปาส่วนภูมิภาคสาขารัตนบุรี","กปภ.สาขารัตนบุรี","รัตนบุรี","การประปาส่วนภูมิภาคสาขารัตนบุรี","กปภ.สาขารัตนบุรี","รัตนบุรี",,"กรกฎาคม","2569","1","0"
"41643","13490897","1140","E10201","9097020011387570","247","2.1.1","สำนักงาน กปภ.ส.กุฉินารายณ์","1","สำนักงาน","0.1623","0","24.34","0","0","3341","3341","0","0","296","3341","13058.64","0","312.24","542.24","0","0","13913.12","973.92","14887.04","0","0","0","0","../WebScript/Upload/Electric/13490897_384410_07082026105247.jpg","","0","0","0","46189","41643","13490897","1069","247","2290620000","6","247","2290620000","5521020","0","75","363","202607","256907","2569","10","31","20260731","พลังงานไฟฟ้าตามใบแจ้งหนี้","การประปาส่วนภูมิภาคสาขากุฉินารายณ์","กปภ.สาขากุฉินารายณ์","กุฉินารายณ์","การประปาส่วนภูมิภาคสาขากุฉินารายณ์","กปภ.สาขากุฉินารายณ์","กุฉินารายณ์",,"กรกฎาคม","2569","1","1"
"41726","13490980","90","23062497","GATG9801-020000736372","582","3.2.2","โรงกรองน้ำ อ่างทอง","2","โรงกรอง","0.1623","0","117.66","124.51","124.51","74398","29357.11","21201.09","23839.8","3758","74398","15640.54","240100.19","312.24","12074.8","1009.26","0","269137.03","18839.59","287976.62","0","0","0","0","../WebScript/Upload/Electric/13490980_383893_05082026094406.jpg","","0","0","0","49098","41726","13490980","1157","581","2490220000","2","581","2490220000","5541019","0","75","363","202607","256907","2569","10","31","20260731","พลังงานไฟฟ้าตามใบแจ้งหนี้","การประปาส่วนภูมิภาคสาขาอ่างทอง","กปภ.สาขาอ่างทอง","อ่างทอง","การประปาส่วนภูมิภาคสาขาอ่างทอง","กปภ.สาขาอ่างทอง","อ่างทอง",,"กรกฎาคม","2569","1","1"
"41615","13490869","2710","B04301","9031020009798134","126","3.2.2","โรงกรองน้ำแรงสูงแสนตอ","3","แรงสูง","0.1623","0","92.07","89.96","92.07","34168.14","13349.12","9587.3","11231.72","81","34168.14","12238.87","110057.89","312.24","5545.49","0","0","128154.49","8970.81","137125.3","0","0","0","0","../WebScript/Upload/Electric/13490869_381464_03082026163847.jpg","","0","0","0","45116","41615","13490869","1039","125","2191018000","10","125","2191018000","5512018","0","75","363","202607","256907","2569","10","31","20260731","พลังงานไฟฟ้าตามใบแจ้งหนี้","การประปาส่วนภูมิภาคสาขาขาณุวรลักษบุรี","กปภ.สาขาขาณุวรลักษบุรี","ขาณุวรลักษบุรี","การประปาส่วนภูมิภาคสาขาขาณุวรลักษบุรี","กปภ.สาขาขาณุวรลักษบุรี","ขาณุวรลักษบุรี",,"กรกฎาคม","2569","1","1"
"41621","13490875","1047","ฺB11101","9805020010305847","152","3.2.2","โรงสูบน้ำแรงสูงแม่ข่ายสวรรคโลก","2","โรงกรอง","0.1623","0","97.49","121.29","144.31","48591","12236.03","18077.69","18277.28","2049","48591","12959.35","145851.77","312.24","7886.32","0","0","167009.68","11690.68","178700.36","0","0","0","0","../WebScript/Upload/Electric/13490875_381375_06082026150432.jpg","","0","0","0","45352","41621","13490875","1045","151","2191024000","10","151","2191024000","5512024","0","75","363","202607","256907","2569","10","31","20260731","พลังงานไฟฟ้าตามใบแจ้งหนี้","การประปาส่วนภูมิภาคสาขาสวรรคโลก","กปภ.สาขาสวรรคโลก","สวรรคโลก","การประปาส่วนภูมิภาคสาขาสวรรคโลก","กปภ.สาขาสวรรคโลก","สวรรคโลก",,"กรกฎาคม","2569","1","1"
"41735","13490989","42","5900800442","9073 020000328500","609","3.2.2","โรงกรองน้ำ องครักษ์","2","โรงกรอง","0.1623","0","57.59","63.99","57.59","30797","11566.87","8319.19","10910.94","3","30797","7655.44","98464.12","312.24","4998.35","0","0","111430.15","7800.11","119230.26","0","0","0","0","../WebScript/Upload/Electric/13490989_379815_04082026112118.jpg","","0","0","0","49325","41735","13490989","1167","607","2490230000","2","607","2490230000","5541028","0","75","363","202607","256907","2569","10","31","20260731","พลังงานไฟฟ้าตามใบแจ้งหนี้","การประปาส่วนภูมิภาคสาขาบ้านนา","กปภ.สาขาบ้านนา","บ้านนา","การประปาส่วนภูมิภาคสาขาบ้านนา","กปภ.สาขาบ้านนา","บ้านนา",,"กรกฎาคม","2569","1","1"
"41693","13490947","184","16101","9020020000966007","453","2.1.1","สำนักงานประปาสระแก้ว","1","สำนักงาน","0.1623","0","15.14","12.85","4.7","2684.5","1753.28","628.09","303.13","230","2684.5","10492.64","0","312.24","435.69","0","0","11240.57","786.84","12027.41","0","0","0","0","../WebScript/Upload/Electric/13490947_384720_10082026110633.jpg","","0","0","0","47923","41693","13490947","1119","453","2390128000","1","453","2390128000","5531028","0","75","363","202607","256907","2569","10","31","20260731","พลังงานไฟฟ้าตามใบแจ้งหนี้","การประปาส่วนภูมิภาคสาขาสระแก้ว","กปภ.สาขาสระแก้ว","สระแก้ว","การประปาส่วนภูมิภาคสาขาสระแก้ว","กปภ.สาขาสระแก้ว","สระแก้ว",,"กรกฎาคม","2569","1","1"
"41723","13490977","107","23071604","9801 020006908355","570","3.2.2","โรงกรองน้ำ บ้านหมี่","2","โรงกรอง","0.1623","0","133.88","140.53","129.82","77431.19","29448.92","22696.61","25285.66","394","77431.19","17796.67","248142.78","312.24","12567.08","0","0","278818.77","19517.31","298336.08","0","0","0","0","../WebScript/Upload/Electric/13490977_381300_24072026124917.jpg","","0","0","0","48980","41723","13490977","1153","569","2490216000","2","569","2490216000","5541016","0","75","363","202607","256907","2569","10","31","20260731","พลังงานไฟฟ้าตามใบแจ้งหนี้","การประปาส่วนภูมิภาคสาขาบ้านหมี่","กปภ.สาขาบ้านหมี่","บ้านหมี่","การประปาส่วนภูมิภาคสาขาบ้านหมี่","กปภ.สาขาบ้านหมี่","บ้านหมี่",,"กรกฎาคม","2569","1","1"
"41748","13491001","490","J12201","9102020004343614","649","3.1.2","โรงกรองน้ำชัฏป่าหวาย","5","สำนักงาน-แรงสูง","0.1623","0","38.49","34.29","36.81","11836.97","4885.44","3776.15","3175.38","595","11836.97","8284.13","37252.13","312.24","1921.14","0","0","47769.64","3343.87","51113.51","0","0","0","0","../WebScript/Upload/Electric/13491001_382416_05082026162859.jpg","","0","0","0","49756","41748","13491001","1181","648","2490313000","3","648","2490313000","5542012","0","75","363","202607","256907","2569","10","31","20260731","พลังงานไฟฟ้าตามใบแจ้งหนี้","การประปาส่วนภูมิภาคสาขาสวนผึ้ง","กปภ.สาขาสวนผึ้ง","สวนผึ้ง","การประปาส่วนภูมิภาคสาขาสวนผึ้ง","กปภ.สาขาสวนผึ้ง","สวนผึ้ง",,"กรกฎาคม","2569","1","1"
"41620","13490874","1491","B02201","9802020010619034","149","3.2.2","แรงสูงสำนักงาน","11","สำนักงาน-แรงสูง-บ้านพัก","0.1623","0","64.86","64.08","56.37","18679.63","8564.09","4071.98","6043.56","1864","18679.63","8621.84","62169.11","312.24","3031.7","0","0","74134.89","5189.44","79324.33","0","0","0","0","../WebScript/Upload/Electric/13490874_381883_31072026094714.jpg","","0","0","0","45329","41620","13490874","1044","149","2191023000","10","149","2191023000","5512023","0","75","363","202607","256907","2569","10","31","20260731","พลังงานไฟฟ้าตามใบแจ้งหนี้","การประปาส่วนภูมิภาคสาขาศรีสำโรง","กปภ.สาขาศรีสำโรง","ศรีสำโรง","การประปาส่วนภูมิภาคสาขาศรีสำโรง","กปภ.สาขาศรีสำโรง","ศรีสำโรง",,"กรกฎาคม","2569","1","1"
"41620","13490874","1493","B02201","9081020010612904","149","3.2.2","สถานีสูบน้ำบ้านวังลึก","6","บ่อบาดาล","0.1623","0","30.07","29.98","30.12","13826.81","3210.13","5995.9","4620.78","265","13826.81","3997.21","41073.52","312.24","2244.09","0","0","47627.06","3333.89","50960.95","0","0","0","0","../WebScript/Upload/Electric/13490874_381885_31072026095519.jpg","","0","0","0","45329","41620","13490874","1044","149","2191023000","10","149","2191023000","5512023","0","75","363","202607","256907","2569","10","31","20260731","พลังงานไฟฟ้าตามใบแจ้งหนี้","การประปาส่วนภูมิภาคสาขาศรีสำโรง","กปภ.สาขาศรีสำโรง","ศรีสำโรง","การประปาส่วนภูมิภาคสาขาศรีสำโรง","กปภ.สาขาศรีสำโรง","ศรีสำโรง",,"กรกฎาคม","2569","1","1"
"41704","13490958","3613","E08301","9150 020026747280","496","3.2.2","โรงกรองน้ำแรงสูงเลิงนกทา","3","แรงสูง","0.1623","0","133.64","125.26","126.06","44950","18346.21","11760.08","14843.71","122","44950","17764.77","146027","312.24","7295.39","448.56","0","171847.96","12029.36","183877.32","0","0","0","0","../WebScript/Upload/Electric/13490958_381676_31072026142711.jpg","","0","0","0","48310","41704","13490958","1131","495","2390817000","8","495","2390817000","5532017","0","75","363","202607","256907","2569","10","31","20260731","พลังงานไฟฟ้าตามใบแจ้งหนี้","การประปาส่วนภูมิภาคสาขาเลิงนกทา","กปภ.สาขาเลิงนกทา","เลิงนกทา","การประปาส่วนภูมิภาคสาขาเลิงนกทา","กปภ.สาขาเลิงนกทา","เลิงนกทา",,"กรกฎาคม","2569","1","0"
"41805","13491056","521","L05301","9808020007081675","839","3.2.2","สถานีผลิตน้ำควนโดน (แม่ข่าย)","10","แรงต่ำ-แรงสูง","0.1623","0","118.86","105.76","114.08","47664.99","20546.69","11764.73","15353.57","467","47664.99","15797.4","156573.23","312.24","7736.03","0","0","180418.9","12629.32","193048.22","0","0","0","0","../WebScript/Upload/Electric/13491056_381579_06082026193843.png","90%","42898.49","0","0","51451","41805","13491056","1237","838","2590522000","5","838","2590522000","5552022","0","75","363","202607","256907","2569","10","31","20260731","พลังงานไฟฟ้าตามใบแจ้งหนี้","การประปาส่วนภูมิภาคสาขาสตูล","กปภ.สาขาสตูล","สตูล","การประปาส่วนภูมิภาคสาขาสตูล","กปภ.สาขาสตูล","สตูล",,"กรกฎาคม","2569","1","1"
"41777","13491029","2427","๋J13101","020004138588","749","3.2.2","แม่ข่ายหลังสวน","10","แรงต่ำ-แรงสูง","0.1623","0","244.13","268.08","268.85","156798","58103.95","43394.48","55299.57","5570","156798","32452.2","500070.82","312.24","25448.32","0","0","558283.58","39079.85","597363.43","0","0","0","0","../WebScript/Upload/Electric/13491029_384743_17082026113651.jpg","","121092.57","0","0","50600","41777","13491029","1211","748","2590418000","4","748","2590418000","5551018","0","75","363","202607","256907","2569","10","31","20260731","พลังงานไฟฟ้าตามใบแจ้งหนี้","การประปาส่วนภูมิภาคสาขาหลังสวน","กปภ.สาขาหลังสวน","หลังสวน","การประปาส่วนภูมิภาคสาขาหลังสวน","กปภ.สาขาหลังสวน","หลังสวน",,"กรกฎาคม","2569","1","1"
"41748","13491001","601","J12201","9101020004343779","650","3.2.2","โรงกรองน้ำสวนผึ้ง","2","โรงกรอง","0.1623","0","38.92","27.29","27.99","14985.95","6340.72","4719.46","3925.77","169","14985.95","4835.99","49038.53","312.24","2432.22","0","0","56618.98","3963.33","60582.31","0","0","0","0","../WebScript/Upload/Electric/13491001_382420_05082026163558.jpg","","0","0","0","49756","41748","13491001","1181","648","2490313000","3","648","2490313000","5542012","0","75","363","202607","256907","2569","10","31","20260731","พลังงานไฟฟ้าตามใบแจ้งหนี้","การประปาส่วนภูมิภาคสาขาสวนผึ้ง","กปภ.สาขาสวนผึ้ง","สวนผึ้ง","การประปาส่วนภูมิภาคสาขาสวนผึ้ง","กปภ.สาขาสวนผึ้ง","สวนผึ้ง",,"กรกฎาคม","2569","1","1"
"41693","13490947","187","16101","9020020000966071","455","2.1.1","สถานีจ่ายน้ำเขาฉกรรจ์","7","สถานีจ่ายน้ำ","0.1623","0","12.71","0","0","2651","2654","0","0","311","2651","10361.71","0","312.24","430.26","0","0","11104.21","777.29","11881.5","0","0","0","0","../WebScript/Upload/Electric/13490947_384730_10082026110838.jpg","","0","0","0","47923","41693","13490947","1119","453","2390128000","1","453","2390128000","5531028","0","75","363","202607","256907","2569","10","31","20260731","พลังงานไฟฟ้าตามใบแจ้งหนี้","การประปาส่วนภูมิภาคสาขาสระแก้ว","กปภ.สาขาสระแก้ว","สระแก้ว","การประปาส่วนภูมิภาคสาขาสระแก้ว","กปภ.สาขาสระแก้ว","สระแก้ว",,"กรกฎาคม","2569","1","1"
"41754","13491007","378","I02101","9805020002963365","670","3.2.2","สถานีจ่ายน้ำท่าเสด็จ","10","แรงต่ำ-แรงสูง","0.1623","0","38.2","38.64","37.94","19352.05","7363.44","5720.88","6267.73","158","19352.05","5077.93","62022.63","312.24","3140.84","112.14","0","70665.78","4946.6","75612.38","0","0","0","0","../WebScript/Upload/Electric/13491007_384522_07082026135254.jpg","","0","0","0","49903","41754","13491007","1187","668","2490319000","3","668","2490319000","5542019","0","75","363","202607","256907","2569","10","31","20260731","พลังงานไฟฟ้าตามใบแจ้งหนี้","การประปาส่วนภูมิภาคสาขาสุพรรณบุรี","กปภ.สาขาสุพรรณบุรี","สุพรรณบุรี","การประปาส่วนภูมิภาคสาขาสุพรรณบุรี","กปภ.สาขาสุพรรณบุรี","สุพรรณบุรี",,"กรกฎาคม","2569","1","1"
"41688","13490942","2352","H09101","HKLA 9809 - 020021050054 ","441","3.2.2","สถานีผลิตน้ำประแสร์","2","โรงกรอง","0.1623","0","393.59","381.61","471.51","237495","81695.72","70127.66","85671.62","245","237495","52319.92","747461.31","312.14","38545.44","0","0","838638.91","58704.72","897343.63","0","0","0","0","../WebScript/Upload/Electric/13490942_380708_05082026133911.jpg","","0","0","0","47804","41688","13490942","1114","440","2390123000","1","440","2390123000","5531023","0","75","363","202607","256907","2569","10","31","20260731","พลังงานไฟฟ้าตามใบแจ้งหนี้","การประปาส่วนภูมิภาคสาขาปากน้ำประแสร์","กปภ.สาขาปากน้ำประแสร์","ปากน้ำประแสร์","การประปาส่วนภูมิภาคสาขาปากน้ำประแสร์","กปภ.สาขาปากน้ำประแสร์","ปากน้ำประแสร์",,"กรกฎาคม","2569","1","1"
"41691","13490945","1478","H04101","9037 020002300009","447","2.1.1","กปภ.สาขาตราด","1","สำนักงาน","0.1623","0","26.68","22.42","8.85","3832.79","2897.76","603.07","331.96","72","3832.79","14980.84","0","312.24","622.06","0","0","15915.14","1114.06","17029.2","0","0","0","0","../WebScript/Upload/Electric/13490945_384215_07082026143647.jpg","","0","0","0","47867","41691","13490945","1117","447","2390126000","1","447","2390126000","5531026","0","75","363","202607","256907","2569","10","31","20260731","พลังงานไฟฟ้าตามใบแจ้งหนี้","การประปาส่วนภูมิภาคสาขาตราด","กปภ.สาขาตราด","ตราด","การประปาส่วนภูมิภาคสาขาตราด","กปภ.สาขาตราด","ตราด",,"กรกฎาคม","2569","1","1"
"41744","13490998","152","27661992","9803 020013287616","640","3.2.2","แรงสูง โนนสูง","3","แรงสูง","0.1623","0","94.97","96.38","96.38","29340","9149.26","10013.87","10176.87","3780","29340","12621.36","90850.22","312.24","4761.88","0","0","108548.7","108548.7","116147.11","0","0","0","0","../WebScript/Upload/Electric/13490998_384059_14082026152423.jpg","","0","0","0","49630","41744","13490998","1176","639","2490239000","2","639","2490239000","5541037","0","75","363","202607","256907","2569","10","31","20260731","พลังงานไฟฟ้าตามใบแจ้งหนี้","การประปาส่วนภูมิภาคสาขาโนนสูง","กปภ.สาขาโนนสูง","โนนสูง","การประปาส่วนภูมิภาคสาขาโนนสูง","กปภ.สาขาโนนสูง","โนนสูง",,"กรกฎาคม","2569","1","1"
"41693","13490947","185","16101","9804020000965973","454","3.2.2","สถานีผลิตน้ำสระขวัญ","2","โรงกรอง","0.1623","0","181.57","175.68","188.65","71980","25408.17","23745.74","22826.09","1280","71980","24136.1","227564.31","312.24","11682.35","112.14","0","263807.14","18466.5","282273.64","0","0","0","0","../WebScript/Upload/Electric/13490947_384728_10082026110711.jpg","","0","0","0","47923","41693","13490947","1119","453","2390128000","1","453","2390128000","5531028","0","75","363","202607","256907","2569","10","31","20260731","พลังงานไฟฟ้าตามใบแจ้งหนี้","การประปาส่วนภูมิภาคสาขาสระแก้ว","กปภ.สาขาสระแก้ว","สระแก้ว","การประปาส่วนภูมิภาคสาขาสระแก้ว","กปภ.สาขาสระแก้ว","สระแก้ว",,"กรกฎาคม","2569","1","1"
"41586","13490840","610","A07101","9806020005478757","19","3.2.2","โรงสูบน้ำแรงต่ำฝาง","4","แรงต่ำ","0.1623","0","47.6","44.67","44.79","25774.79","10873.96","6506.32","8394.51","77","25774.79","6327.47","84292.88","312.24","4183.25","168.21","0","95284.05","6669.88","101953.93","0","0","0","0","../WebScript/Upload/Electric/13490840_382034_03082026133913.jpg","","0","0","0","44111","41586","13490840","1009","18","2190916000","9","18","2190916000","5511016","0","75","363","202607","256907","2569","10","31","20260731","พลังงานไฟฟ้าตามใบแจ้งหนี้","การประปาส่วนภูมิภาคสาขาฝาง","กปภ.สาขาฝาง","ฝาง","การประปาส่วนภูมิภาคสาขาฝาง","กปภ.สาขาฝาง","ฝาง",,"กรกฎาคม","2569","1","1"
"41706","13490960","2450","F03101","9150 020020833053","501","3.2.2","สถานีจ่ายน้ำบุรีรัมย์ 1","7","สถานีจ่ายน้ำ","0.1623","0","126.8","126.4","125.6","337620","14868","9188","13564","0","37620","16855.52","121445.61","312.24","6105.73","280.35","0","144999.45","10149.96","155149.41","0","60","0.17","0",,"","0","0","0","48377","41706","13490960","1136","500","2390822000","8","500","2390822000","5532019","0","75","363","202607","256907","2569","10","31","20260731","พลังงานไฟฟ้าตามใบแจ้งหนี้","การประปาส่วนภูมิภาคสาขาบุรีรัมย์","กปภ.สาขาบุรีรัมย์","บุรีรัมย์","การประปาส่วนภูมิภาคสาขาบุรีรัมย์","กปภ.สาขาบุรีรัมย์","บุรีรัมย์",,"กรกฎาคม","2569","0","0"
"41740","13490994","9","6500727603","9804 020013997525","627","3.2.2","โรงกรองน้ำ ปักธงชัย","2","โรงกรอง","0.1623","0","199.18","205.36","190.69","90242.01","32695.26","29529.96","28016.79","3270","90242.01","26477","286628.15","312.24","14646.28","0","0","328063.67","22964.46","351028.13","0","0","0","0","../WebScript/Upload/Electric/13490994_383914_05082026100243.jpg","","0","0","0","49503","41740","13490994","1172","626","2490235000","2","626","2490235000","5541033","0","75","363","202607","256907","2569","10","31","20260731","พลังงานไฟฟ้าตามใบแจ้งหนี้","การประปาส่วนภูมิภาคสาขาปักธงชัย","กปภ.สาขาปักธงชัย","ปักธงชัย","การประปาส่วนภูมิภาคสาขาปักธงชัย","กปภ.สาขาปักธงชัย","ปักธงชัย",,"กรกฎาคม","2569","1","1"
"41726","13490980","87","90280331","GPMK8003-020000376314","585","3.2.2","หน่วยบริการป่าโมก","7","สถานีจ่ายน้ำ","0.1623","0","35.25","35.63","36","6758","2261.42","1875.14","2621.44","450","6758","4685.78","21169.31","312.24","1096.82","504.63","0","27768.78","1943.81","29712.59","0","0","0","0","../WebScript/Upload/Electric/13490980_383896_14082026090504.jpg","","0","0","0","49098","41726","13490980","1157","581","2490220000","2","581","2490220000","5541019","0","75","363","202607","256907","2569","10","31","20260731","พลังงานไฟฟ้าตามใบแจ้งหนี้","การประปาส่วนภูมิภาคสาขาอ่างทอง","กปภ.สาขาอ่างทอง","อ่างทอง","การประปาส่วนภูมิภาคสาขาอ่างทอง","กปภ.สาขาอ่างทอง","อ่างทอง",,"กรกฎาคม","2569","1","1"
"41718","13490972","4","27664864","9803 020000772028","555","3.2.2","สถานีสูบจ่ายน้ำ น. พระพุทธบาท","3","แรงสูง","0.1623","0","228.82","228.06","230.36","135882","51662.19","36297.14","47922.67","5686","135882","30417.04","435432.56","312.24","22053.65","616.77","0","488832.26","34218.26","523050.52","0","0","0","0","../WebScript/Upload/Electric/13490972_384238_06082026134815.jpg","","0","0","0","48830","41718","13490972","1148","553","2490211000","2","553","2490211000","5541011","0","75","363","202607","256907","2569","10","31","20260731","พลังงานไฟฟ้าตามใบแจ้งหนี้","การประปาส่วนภูมิภาคสาขาพระพุทธบาท","กปภ.สาขาพระพุทธบาท","พระพุทธบาท","การประปาส่วนภูมิภาคสาขาพระพุทธบาท","กปภ.สาขาพระพุทธบาท","พระพุทธบาท",,"กรกฎาคม","2569","1","1"
"41691","13490945","1480","H04302","9089 020001811890","449","3.2.2","สถานีผลิตน้ำบ่อไร่","2","โรงกรอง","0.1623","0","5.96","21.79","26.75","2559.34","866.74","843.69","848.91","442","2559.34","792.26","8033.4","312.24","415.38","392.49","0","9945.77","696.2","10641.97","0","0","0","0","../WebScript/Upload/Electric/13490945_384228_07082026140514.jpg","","0","0","0","47867","41691","13490945","1117","447","2390126000","1","447","2390126000","5531026","0","75","363","202607","256907","2569","10","31","20260731","พลังงานไฟฟ้าตามใบแจ้งหนี้","การประปาส่วนภูมิภาคสาขาตราด","กปภ.สาขาตราด","ตราด","การประปาส่วนภูมิภาคสาขาตราด","กปภ.สาขาตราด","ตราด",,"กรกฎาคม","2569","1","1"
"41718","13490972","2712","27664862","9805 020000771895","553","3.2.2","สถานผลิต-จ่ายน้ำ แรงสูงพระพุทธบาท (หนองโดน)","3","แรงสูง","0.1623","0","351.12","346.38","351.12","162702","56167.54","48208","58326.46","1890","162702","46674.38","512383.14","312.24","26406.53","4541.67","0","590317.96","41322.26","631640.22","0","0","0","0","../WebScript/Upload/Electric/13490972_384235_06082026134930.jpg","","0","0","0","48830","41718","13490972","1148","553","2490211000","2","553","2490211000","5541011","0","75","363","202607","256907","2569","10","31","20260731","พลังงานไฟฟ้าตามใบแจ้งหนี้","การประปาส่วนภูมิภาคสาขาพระพุทธบาท","กปภ.สาขาพระพุทธบาท","พระพุทธบาท","การประปาส่วนภูมิภาคสาขาพระพุทธบาท","กปภ.สาขาพระพุทธบาท","พระพุทธบาท",,"กรกฎาคม","2569","1","1"
"41800","13491051","383","L06101","9033020007212439","819","2.1.1","สำนักงานประปาพัทลุง","1","สำนักงาน","0.1623","0","15.42","12.06","6.19","3135.6","1933.44","667.46","534.7","726","3135.6","12255.8","0","312.24","508.91","0","0","13076.95","915.39","13992.34","0","0","0","0","../WebScript/Upload/Electric/13491051_383685_08082026095217.jpg","","0","0","0","51285","41800","13491051","1232","819","2590517000","5","819","2590517000","5552016","0","75","363","202607","256907","2569","10","31","20260731","พลังงานไฟฟ้าตามใบแจ้งหนี้","การประปาส่วนภูมิภาคสาขาพัทลุง","กปภ.สาขาพัทลุง","พัทลุง","การประปาส่วนภูมิภาคสาขาพัทลุง","กปภ.สาขาพัทลุง","พัทลุง",,"กรกฎาคม","2569","1","1"
"41723","13490977","105","20962504","CKSG9098 020006093070","571","3.2.2","โรงกรองน้ำ โคกสำโรง","2","โรงกรอง","0.1623","0","145.53","127.59","149.52","48073.01","18799.39","12404.01","16869.61","155","48073.01","19345.3","154874.47","312.24","7802.25","0","0","182334.26","12763.4","195097.66","0","0","0","0","../WebScript/Upload/Electric/13490977_381308_04082026125247.jpg","","0","0","0","48980","41723","13490977","1153","569","2490216000","2","569","2490216000","5541016","0","75","363","202607","256907","2569","10","31","20260731","พลังงานไฟฟ้าตามใบแจ้งหนี้","การประปาส่วนภูมิภาคสาขาบ้านหมี่","กปภ.สาขาบ้านหมี่","บ้านหมี่","การประปาส่วนภูมิภาคสาขาบ้านหมี่","กปภ.สาขาบ้านหมี่","บ้านหมี่",,"กรกฎาคม","2569","1","1"
"41655","13490909","1571","F02301","9048020013441313","300","2.1.1","โรงกรองน้ำหน่วยบริการหนองบัวโคก","2","โรงกรอง","0.1623","0","15.18","16.14","15.24","5957.2","2426.04","1887.23","1643.93","22","5957.2","23284.32","0","312.24","966.85","0","0","24563.41","1719.44","26282.85","0","0","0","0","../WebScript/Upload/Electric/13490909_381793_03082026090534.jpg","","0","0","0","46648","41655","13490909","1245","300","2290632000","6","300","2290632000","5521029","0","75","363","202607","256907","2569","10","31","20260731","พลังงานไฟฟ้าตามใบแจ้งหนี้","การประปาส่วนภูมิภาคสาขาบำเหน็จณรงค์","กปภ.สาขาบำเหน็จณรงค์","บำเหน็จณรงค์","การประปาส่วนภูมิภาคสาขาบำเหน็จณรงค์","กปภ.สาขาบำเหน็จณรงค์","บำเหน็จณรงค์",,"กรกฎาคม","2569","1","1"
"41604","13490858","1780","A10201","9806020017963588","77","3.2.2","สถานีผลิตน้ำเวียงเชียงของ","3","แรงสูง","0.1623","0","58.12","57.71","58.01","24103.36","10011.98","6343.71","7747.67","115","24103.36","7725.89","78578.87","312.24","3911.98","392.49","0","90921.47","6364.5","97285.97","0","0","0","0","../WebScript/Upload/Electric/13490858_382220_05082026124832.jpg","","0","0","0","44686","41604","13490858","1027","76","2190934000","9","76","2190934000","5511035","0","75","363","202607","256907","2569","10","31","20260731","พลังงานไฟฟ้าตามใบแจ้งหนี้","การประปาส่วนภูมิภาคสาขาเวียงเชียงของ","กปภ.สาขาเวียงเชียงของ","เวียงเชียงของ","การประปาส่วนภูมิภาคสาขาเวียงเชียงของ","กปภ.สาขาเวียงเชียงของ","เวียงเชียงของ",,"กรกฎาคม","2569","1","1"
"41591","13490845","547","A03101","9819020005306652","35","3.2.2","แรงสูงสำนักงาน","3","แรงสูง","0.1623","0","107.47","100.11","92.01","39654","18645.55","9142.43","11866.02","3442","39654","14285.99","132710.81","312.24","6435.84","0","0","153744.88","10762.14","164507.02","0","0","0","0","../WebScript/Upload/Electric/13490845_382195_05082026154815.jpg","","0","0","0","44268","41591","13490845","1014","34","2190921000","9","34","2190921000","5511022","0","75","363","202607","256907","2569","10","31","20260731","พลังงานไฟฟ้าตามใบแจ้งหนี้","การประปาส่วนภูมิภาคสาขาลำปาง","กปภ.สาขาลำปาง","ลำปาง","การประปาส่วนภูมิภาคสาขาลำปาง","กปภ.สาขาลำปาง","ลำปาง",,"กรกฎาคม","2569","1","1"
"41691","13490945","1477","H04101","9805 020002529878","448","4.2.2","สถานีผลิตน้ำปลายคลอง 2","2","โรงกรอง","0.1623","0","497.05","497.05","495.06","288411","100768.18","84938.32","102704.5","549","288411","66072.86","910169.6","312.24","46809.11","2523.15","0","1025886.96","71812.09","1097699.05","0","0","0","0","../WebScript/Upload/Electric/13490945_384223_07082026141558.jpg","","0","0","0","47867","41691","13490945","1117","447","2390126000","1","447","2390126000","5531026","0","75","363","202607","256907","2569","10","31","20260731","พลังงานไฟฟ้าตามใบแจ้งหนี้","การประปาส่วนภูมิภาคสาขาตราด","กปภ.สาขาตราด","ตราด","การประปาส่วนภูมิภาคสาขาตราด","กปภ.สาขาตราด","ตราด",,"กรกฎาคม","2569","1","1"
"41797","13491049","542","28374929","020008032836","813","3.2.2","สถานีผลิตน้ำนาทวี (แม่ข่าย)","10","แรงต่ำ-แรงสูง","0.1623","0","20.31","27.21","26.47","8333.59","3803.25","2133.17","2397.17","1799","8333.59","2699.81","27708.04","312.24","1352.54","0","0","32072.63","2245.08","34317.71","0","0","0","0","../WebScript/Upload/Electric/13491049_381432_22072026145724.jpg","แรงสูง 90%","7500.23","0","0","51212","41797","13491049","1229","812","2590514000","5","812","2590514000","5552014","0","75","363","202607","256907","2569","10","31","20260731","พลังงานไฟฟ้าตามใบแจ้งหนี้","การประปาส่วนภูมิภาคสาขานาทวี","กปภ.สาขานาทวี","นาทวี","การประปาส่วนภูมิภาคสาขานาทวี","กปภ.สาขานาทวี","นาทวี",,"กรกฎาคม","2569","1","1"
"41621","13490875","1055","B11102","9011020009974197","153","3.2.2","บริเวณโรงกรองน้ำหน่วยบริการศรีนคร","2","โรงกรอง","0.1623","0","30.34","30.36","45.25","12603.81","5049.88","3458.41","4095.52","371","12603.81","4033.1","40796.36","312.24","2045.6","0","0","47187.3","3303.11","50490.41","0","0","0","0","../WebScript/Upload/Electric/13490875_381377_03082026140330.jpg","","0","0","0","45352","41621","13490875","1045","151","2191024000","10","151","2191024000","5512024","0","75","363","202607","256907","2569","10","31","20260731","พลังงานไฟฟ้าตามใบแจ้งหนี้","การประปาส่วนภูมิภาคสาขาสวรรคโลก","กปภ.สาขาสวรรคโลก","สวรรคโลก","การประปาส่วนภูมิภาคสาขาสวรรคโลก","กปภ.สาขาสวรรคโลก","สวรรคโลก",,"กรกฎาคม","2569","1","1"
"41779","13491031","841","8741736","9071 020008481395","754","2.1.1","อาคารงานผลิต และ งานบริการ กปภ.สาขาพังงา (โรงกรองน้ำเก่า)","1","สำนักงาน","0.1623","0","4.34","3.39","2.88","995.9","595.57","192.85","207.48","2008","995.9","3892.58","0","312.24","161.63","0","0","4366.45","305.65","4672.1","0","0","0","0","../WebScript/Upload/Electric/13491031_384308_14082026125148.jpg","","0","0","0","50667","41779","13491031","1213","754","2590420000","4","754","2590420000","5551021","0","75","363","202607","256907","2569","10","31","20260731","พลังงานไฟฟ้าตามใบแจ้งหนี้","การประปาส่วนภูมิภาคสาขาพังงา","กปภ.สาขาพังงา","พังงา","การประปาส่วนภูมิภาคสาขาพังงา","กปภ.สาขาพังงา","พังงา",,"กรกฎาคม","2569","1","1"
"41605","13490859","4968","A08201","9801020004928060","80","3.2.2","โรงสูบแรงสูงหน่วยบริการแม่จัน","3","แรงสูง","0.1623","0","37.52","36.51","36.31","19817.96","7842.76","5494.62","6480.58","223","19817.96","4987.53","63993.15","312.24","3216.45","224.28","0","72733.65","5091.36","77825.01","0","0","0","0","../WebScript/Upload/Electric/13490859_380431_05082026162842.jpg","","0","0","0","44709","41605","13490859","1028","78","2190935000","9","78","2190935000","5511036","0","75","363","202607","256907","2569","10","31","20260731","พลังงานไฟฟ้าตามใบแจ้งหนี้","การประปาส่วนภูมิภาคสาขาแม่สาย","กปภ.สาขาแม่สาย","แม่สาย","การประปาส่วนภูมิภาคสาขาแม่สาย","กปภ.สาขาแม่สาย","แม่สาย",,"กรกฎาคม","2569","1","0"
"41586","13490840","612","A07201","9075020004723646","20","2.1.1","โรงสูบน้ำแรงสูงแม่อาย","3","แรงสูง","0.1623","0","18.88","18.77","18.53","5368","2121.88","1487.18","1758.94","89.6","5368","20981.36","0","312.24","871.23","0","0","22164.83","1551.54","23716.37","0","0","0","0","../WebScript/Upload/Electric/13490840_382035_03082026142004.jpg","","0","0","0","44111","41586","13490840","1009","18","2190916000","9","18","2190916000","5511016","0","75","363","202607","256907","2569","10","31","20260731","พลังงานไฟฟ้าตามใบแจ้งหนี้","การประปาส่วนภูมิภาคสาขาฝาง","กปภ.สาขาฝาง","ฝาง","การประปาส่วนภูมิภาคสาขาฝาง","กปภ.สาขาฝาง","ฝาง",,"กรกฎาคม","2569","1","1"
"41764","13491016","243","6201224110","020022131680","700","3.2.2","สถานีผลิตน้ำนายาง","2","โรงกรอง","0.1623","0","109.14","143.39","141.8","46842","19063.42","13996.84","13781.74","198","46842","14507.98","152086.53","312.24","7602.46","0","0","174509.21","12215.64","186724.85","0","0","0","0","../WebScript/Upload/Electric/13491016_384546_20082026135211.jpg","","0","0","0","50162","41764","13491016","1197","698","2490329000","3","698","2490329000","5542028","0","75","363","202607","256907","2569","10","31","20260731","พลังงานไฟฟ้าตามใบแจ้งหนี้","การประปาส่วนภูมิภาคสาขาเพชรบุรี","กปภ.สาขาเพชรบุรี","เพชรบุรี","การประปาส่วนภูมิภาคสาขาเพชรบุรี","กปภ.สาขาเพชรบุรี","เพชรบุรี",,"กรกฎาคม","2569","1","1"
"41779","13491031","833","23053158","9804 020008507319","755","3.2.2","โรงกรองน้ำขุมเหมือง","10","แรงต่ำ-แรงสูง","0.1623","0","258.18","239.14","243.9","123949","44021.05","35371.51","44556.44","1067","123949","34319.87","392288.08","312.24","20116.92","168.21","0","447205.32","31304.37","478509.69","0","0","0","0","../WebScript/Upload/Electric/13491031_384319_14082026124626.jpg","","72109.87","0","0","50667","41779","13491031","1213","754","2590420000","4","754","2590420000","5551021","0","75","363","202607","256907","2569","10","31","20260731","พลังงานไฟฟ้าตามใบแจ้งหนี้","การประปาส่วนภูมิภาคสาขาพังงา","กปภ.สาขาพังงา","พังงา","การประปาส่วนภูมิภาคสาขาพังงา","กปภ.สาขาพังงา","พังงา",,"กรกฎาคม","2569","1","1"
"41735","13490989","44","23063708","9803 020000411488","608","3.2.2","โรงกรองน้ำ บ้านนา","2","โรงกรอง","0.1623","0","86","77.24","72.46","41294","17223.09","9937.31","14133.6","194","41294","11431.98","134733.12","312.24","6702.02","112.14","0","153291.5","10730.41","164021.91","0","0","0","0","../WebScript/Upload/Electric/13490989_379813_03082026162409.jpg","","0","0","0","49325","41735","13490989","1167","607","2490230000","2","607","2490230000","5541028","0","75","363","202607","256907","2569","10","31","20260731","พลังงานไฟฟ้าตามใบแจ้งหนี้","การประปาส่วนภูมิภาคสาขาบ้านนา","กปภ.สาขาบ้านนา","บ้านนา","การประปาส่วนภูมิภาคสาขาบ้านนา","กปภ.สาขาบ้านนา","บ้านนา",,"กรกฎาคม","2569","1","1"
